filename,Tx,Ty,Tz,Qx,Qy,Qz,Qw
img000_RT002.png,0.045020982623100336,-0.33481335639953624,3.253170967102051,0.13451199720877705,-0.12743612606795426,-0.3855050755787523,0.9039095049188934
img001_RT002.png,0.050419447622431335,-0.3349573625365756,3.262247902987795,0.13509877553761684,-0.12889999391147033,-0.3854488103498055,0.9036383828821014
img002_RT002.png,0.055788941943076875,-0.3351031773660459,3.271341977760222,0.1356852074879482,-0.13036353126947714,-0.3853915568721979,0.9033649440151682
img003_RT002.png,0.061129410543682594,-0.33525079053422197,3.280453099132972,0.13627129155622375,-0.13182673438962483,-0.38533331529272125,0.9030891890191611
img004_RT002.png,0.06644079868056768,-0.3354001916689355,3.289581174644859,0.1368570262397878,-0.13328959952042033,-0.38527408576070044,0.9028111186010861
img005_RT002.png,0.0717230519082892,-0.33555137037968225,3.2987261116608293,0.13744241003688065,-0.13475212291123714,-0.3852138684279937,0.9025307334738851
img006_RT002.png,0.07697611608019744,-0.3357043162577276,3.3078878173729036,0.13802744144664217,-0.13621430081232508,-0.38515266344899174,0.9022480343564351
img007_RT002.png,0.08219993734899378,-0.3358590188762133,3.3170661988011245,0.13861211896911557,-0.1376761294748195,-0.38509047098061705,0.9019630219735458
img008_RT002.png,0.08739446216728136,-0.33601546779026553,3.3262611627945238,0.13919644110525178,-0.13913760515075158,-0.38502729118232487,0.9016756970559576
img009_RT002.png,0.09255963728811478,-0.3361736525371009,3.335472616032066,0.13978040635691247,-0.14059872409305713,-0.384963124216101,0.9013860603403404
img010_RT002.png,0.09769540976554603,-0.33633356263613357,3.34470046502361,0.1403640132268745,-0.14205948255558665,-0.38489797024646244,0.901094112569291
img011_RT002.png,0.1028017269551682,-0.3364951875890838,3.353944616110863,0.1409472602188337,-0.14351987679311512,-0.3848318294404571,0.9007998544913317
img012_RT002.png,0.10787853651465384,-0.3366585168800852,3.3632049754683533,0.14153014583740833,-0.14497990306135108,-0.38476470196766266,0.9005032868609082
img013_RT002.png,0.11292578640429285,-0.33682353997579184,3.372481449104377,0.14211266858814336,-0.14643955761694663,-0.38469658800018663,0.9002044104383872
img014_RT002.png,0.11794342488752685,-0.3369902463254877,3.3817739428619733,0.14269482697751412,-0.1478988367175069,-0.38462748771266575,0.8999032259900553
img015_RT002.png,0.12293140053147844,-0.3371586253611933,3.3910823624198847,0.14327661951293,-0.1493577366215995,-0.3845574012822656,0.8995997342881169
img016_RT002.png,0.12788966220747844,-0.33732866649777526,3.4004066132935264,0.14385804470273852,-0.15081625358876452,-0.38448632888868023,0.8992939361106912
img017_RT002.png,0.13281815909159145,-0.337500359133054,3.409746600835955,0.14443910105622898,-0.15227438387952374,-0.3844142707141317,0.8989858322418114
img018_RT002.png,0.13771684066513734,-0.33767369264791336,3.419102230238835,0.14501978708363622,-0.15373212375539017,-0.3843412269433687,0.8986754234714223
img019_RT002.png,0.14258565671520734,-0.3378486564064092,3.428473406533423,0.1456001012961449,-0.15518946947887807,-0.38426719776366813,0.898362710595378
img020_RT002.png,0.147424557335181,-0.3380252397558775,3.437860034591523,0.14618004220589256,-0.15664641731351212,-0.3841921833648323,0.8980476944154401
img021_RT002.png,0.15223349292523758,-0.33820343202704517,3.447262019126483,0.14675960832597404,-0.15810296352383704,-0.38411618393918995,0.8977303757392758
img022_RT002.png,0.15701241419286321,-0.3383832225341391,3.456679264694155,0.14733879817044526,-0.15955910437542759,-0.3840391996815958,0.8974107553804554
img023_RT002.png,0.16176127215335823,-0.3385646005749937,3.4661116756938806,0.1479176102543265,-0.16101483613489748,-0.38396123078942834,0.8970888341584509
img024_RT002.png,0.16648001813033952,-0.338747555431164,3.475559156369477,0.1484960430936069,-0.1624701550699095,-0.3838822774625919,0.896764612898633
img025_RT002.png,0.1711686037562385,-0.33893207636803313,3.485021610810208,0.14907409520524773,-0.1639250574491848,-0.3838023399035138,0.8964380924322694
img026_RT002.png,0.17582698097279753,-0.33911815263492373,3.4944989429517737,0.14965176510718659,-0.1653795395425125,-0.38372141831714535,0.8961092735965231
img027_RT002.png,0.18045510203156367,-0.33930577346520724,3.5039910565772994,0.15022905131834094,-0.16683359762075947,-0.3836395129109609,0.8957781572344498
img028_RT002.png,0.1850529194943772,-0.33949492807641446,3.513497855318312,0.15080595235861188,-0.16828722795587944,-0.3835566238949566,0.8954447441949954
img029_RT002.png,0.18962038623385863,-0.33968560567034745,3.5230192426557405,0.15138246674888817,-0.169740426820923,-0.38347275148165094,0.8951090353329948
img030_RT002.png,0.19415745543389312,-0.3398777954331881,3.532555121920894,0.15195859301104997,-0.17119319049004697,-0.38338789588608385,0.8947710315091688
img031_RT002.png,0.19866408059010782,-0.3400714865356103,3.542105396296463,0.15253432966797223,-0.1726455152385239,-0.3833020573258155,0.8944307335901223
img032_RT002.png,0.20314021551035172,-0.34026666813289197,3.5516699688175057,0.15310967524352928,-0.17409739734275173,-0.3832152360209268,0.8940881424483419
img033_RT002.png,0.20758581431516748,-0.34046332936502377,3.5612487423724453,0.15368462826259768,-0.17554883308026326,-0.3831274321940178,0.893743258962194
img034_RT002.png,0.2120008314382632,-0.3406614593568229,3.5708416197040673,0.15425918725106083,-0.1769998187297358,-0.3830386460702083,0.8933960840159221
img035_RT002.png,0.21638522162697849,-0.34086104721804344,3.580448503410514,0.15483335073581206,-0.17845035057100053,-0.38294887787713605,0.893046618499645
img036_RT002.png,0.22073893994275057,-0.3410620820434873,3.5900692959462823,0.15540711724475906,-0.1799004248850523,-0.382858127844957,0.8926948633093539
img037_RT002.png,0.22506194176157124,-0.3412645529131185,3.5997038996232305,0.1559804853068271,-0.1813500379540588,-0.3827663962063442,0.8923408193469108
img038_RT002.png,0.22935418277444986,-0.341468448892172,3.6093522166115717,0.156553453451963,-0.18279918606137044,-0.3826736831964875,0.8919844875200459
img039_RT002.png,0.23361561898786315,-0.34167375903126884,3.619014148940884,0.15712602021113906,-0.1842478654915297,-0.38257998905309304,0.8916258687423549
img040_RT002.png,0.23784620672420898,-0.3418804723665263,3.6286895985011136,0.15769818411635667,-0.18569607253028075,-0.38248531401638236,0.8912649639332972
img041_RT002.png,0.24204590262225367,-0.34208857791967096,3.638378467043576,0.15826994370064995,-0.18714380346457887,-0.3823896583290919,0.8909017740181936
img042_RT002.png,0.24621466363757566,-0.34229806469815227,3.6480806561819716,0.15884129749808984,-0.18859105458260003,-0.38229302223647244,0.890536299928223
img043_RT002.png,0.2503524470430087,-0.3425089216952537,3.657796067393388,0.15941224404378762,-0.19003782217375034,-0.3821954059862884,0.8901685426004214
img044_RT002.png,0.2544592104290788,-0.34272113789020686,3.667524602019316,0.1599827818738986,-0.19148410252867576,-0.382096809828817,0.8897985029776782
img045_RT002.png,0.25853491170443954,-0.34293470224830314,3.677266161266653,0.16055290952562615,-0.19292989193927132,-0.38199723401684826,0.8894261820087345
img046_RT002.png,0.2625795090963039,-0.3431496037210089,3.6870206462087305,0.16112262553722526,-0.19437518669869097,-0.3818966788056835,0.8890515806481808
img047_RT002.png,0.2665929611508726,-0.343365831246077,3.696787957786309,0.1616919284480061,-0.19581998310135654,-0.38179514445313545,0.8886746998564541
img048_RT002.png,0.2705752267337582,-0.34358337374766124,3.706567996808614,0.16226081679833837,-0.19726427744296796,-0.38169263121952696,0.8882955405998355
img049_RT002.png,0.27452626503040944,-0.343802220136429,3.7163606639543376,0.16282928912965436,-0.19870806602051222,-0.3815891393676908,0.887914103850448
img050_RT002.png,0.2784460355465269,-0.34402235930967573,3.7261658597726677,0.1633973439844531,-0.20015134513227315,-0.38148466916296886,0.8875303905862537
img051_RT002.png,0.2823344981084803,-0.3442437801514404,3.7359834846843034,0.1639649799063041,-0.20159411107784056,-0.38137922087321136,0.8871444017910516
img052_RT002.png,0.28619161286371975,-0.34446647153261445,3.7458134389824713,0.16453219543985065,-0.20303636015812018,-0.381272794768776,0.8867561384544748
img053_RT002.png,0.29001734028118487,-0.34469042231106206,3.7556556228339617,0.16509898913081417,-0.2044780886753429,-0.38116539112252795,0.8863656015719881
img054_RT002.png,0.2938116411517091,-0.34491562133173037,3.765509936280136,0.16566535952599745,-0.20591929293307412,-0.38105701020983823,0.8859727921448852
img055_RT002.png,0.2975744765884234,-0.34514205742676485,3.775376279237964,0.16623130517328868,-0.2073599692362236,-0.3809476523085838,0.885577711180287
img056_RT002.png,0.3013058080271539,-0.3453697194156251,3.785254551501047,0.16679682462166504,-0.20880011389105452,-0.3808373176991462,0.8851803596911376
img057_RT002.png,0.30500559722681775,-0.3455985961051977,3.795144652740643,0.1673619164211964,-0.21023972320519327,-0.3807260066644115,0.884780738696203
img058_RT002.png,0.30867380626981566,-0.3458286762899121,3.805046482506696,0.16792657912304915,-0.21167879348763888,-0.380613719489769,0.8843788492200677
img059_RT002.png,0.3123103975624195,-0.3460599487518551,3.8149599402288716,0.1684908112794897,-0.2131173210487722,-0.3805004564631108,0.8839746922931325
img060_RT002.png,0.31591533383516046,-0.346292402260886,3.824884925217577,0.16905461144388834,-0.2145553022003655,-0.3803862178748307,0.8835682689516117
img061_RT002.png,0.31948857814320786,-0.346526025574752,3.8348213366650095,0.16961797817072316,-0.2159927332555924,-0.38027100401782415,0.8831595802375302
img062_RT002.png,0.3230300938667505,-0.3467608074392031,3.8447690736461757,0.17018091001558336,-0.2174296105290364,-0.380154815187487,0.8827486271987213
img063_RT002.png,0.3265398447113721,-0.3469967365881077,3.8547280351199333,0.1707434055351731,-0.21886593033670124,-0.3800376516817145,0.8823354108888237
img064_RT002.png,0.3300177947084214,-0.347233801743569,3.86469811993003,0.17130546328731538,-0.22030168899601965,-0.3799195138009014,0.8819199323672792
img065_RT002.png,0.3334639082153833,-0.3474719916160385,3.874679226806134,0.17186708183095536,-0.22173688282586318,-0.37980040184793973,0.8815021926993288
img066_RT002.png,0.33687814991624476,-0.3477112949044333,3.884671254364877,0.17242825972616455,-0.22317150814655176,-0.3796803161282201,0.8810821929560119
img067_RT002.png,0.34026048482185356,-0.3479517002962529,3.894674101110895,0.17298899553414404,-0.2246055612798625,-0.379559256949629,0.8806599342141616
img068_RT002.png,0.3436108782702815,-0.3481931964676932,3.904687665437864,0.1735492878172285,-0.22603903854903998,-0.37943722462254903,0.8802354175564032
img069_RT002.png,0.3469292959271767,-0.34843577208376375,3.9147118456295464,0.1741091351388896,-0.22747193627880477,-0.3793142194598575,0.8798086440711516
img070_RT002.png,0.3502157037861171,-0.34867941579840356,3.9247465398608345,0.17466853606373997,-0.22890425079536372,-0.37919024177692656,0.879379614852607
img071_RT002.png,0.35347006816895843,-0.34892411625459807,3.934791646198791,0.1752274891575369,-0.23033597842641879,-0.37906529189162114,0.8789483310007533
img072_RT002.png,0.3566923557261813,-0.34916986208449574,3.944847062603699,0.17578599298718534,-0.2317671155011765,-0.3789393701242992,0.8785147936213555
img073_RT002.png,0.3598825334372313,-0.3494166419095227,3.9549126869301032,0.17634404612074278,-0.23319765835035802,-0.3788124767978105,0.878079003825956
img074_RT002.png,0.36304056861085776,-0.34966444434050203,3.9649884169278637,0.17690164712742185,-0.23462760330620733,-0.3786846122374956,0.8776409627318724
img075_RT002.png,0.3661664288854507,-0.3499132579777686,3.975074150243199,0.1774587945775943,-0.2360569467025019,-0.3785557767711853,0.8772006714621938
img076_RT002.png,0.3692600822293709,-0.35016307141128844,3.985169784419739,0.1780154870427951,-0.2374856848745613,-0.3784259707291996,0.8767581311457796
img077_RT002.png,0.37232149694128003,-0.3504138732207718,3.9952752168995724,0.1785717230957254,-0.23891381415925686,-0.37829519444434706,0.8763133429172544
img078_RT002.png,0.3753506416504635,-0.35066565197579447,4.005390345024306,0.17912750131025684,-0.240341330895021,-0.37816344825192383,0.8758663079170065
img079_RT002.png,0.37834748531715445,-0.35091839623591214,4.015515066036108,0.17968282026143462,-0.2417682314218567,-0.37803073248971264,0.8754170272911852
img080_RT002.png,0.3813119972328515,-0.3511720945507786,4.025649277078767,0.18023767852548167,-0.2431945120813469,-0.3778970474979824,0.8749655021916969
img081_RT002.png,0.3842441470206327,-0.3514267354602636,4.035792875198745,0.180792074679802,-0.24462016921666369,-0.3777623936194866,0.8745117337762026
img082_RT002.png,0.3871439046354682,-0.3516823074945715,4.0459457573462405,0.18134600730298442,-0.2460451991725778,-0.3776267711994634,0.8740557232081148
img083_RT002.png,0.3900112403645275,-0.3519387991743549,4.056107820376232,0.18189947497480619,-0.24746959829546814,-0.37749018058563366,0.873597471656595
img084_RT002.png,0.3928461248274845,-0.3521961990108353,4.066278961049543,0.1824524762762364,-0.24889336293333064,-0.3773526221282007,0.8731369802965501
img085_RT002.png,0.39564852897681946,-0.3524544955059231,4.076459076033905,0.1830050097894404,-0.25031648943578855,-0.3772140961798495,0.8726742503086297
img086_RT002.png,0.39841842409811645,-0.35271367715232993,4.086648061905011,0.18355707409778244,-0.25173897415410085,-0.37707460309574564,0.8722092828792227
img087_RT002.png,0.40115578181035627,-0.3529737324336909,4.09684581514758,0.18410866778582996,-0.25316081344117186,-0.37693414323353386,0.8717420792004553
img088_RT002.png,0.40386057406621134,-0.35323464982468233,4.107052232156412,0.18465978943935699,-0.254582003651561,-0.376792716953338,0.8712726404701864
img089_RT002.png,0.4065327731523285,-0.3534964177911386,4.117267209237459,0.1852104376453478,-0.2560025411414919,-0.3766503246177598,0.8708009678920056
img090_RT002.png,0.4091723516896175,-0.3537590247901694,4.127490642608885,0.1857606109920004,-0.2574224222688615,-0.37650696659187743,0.8703270626752299
img091_RT002.png,0.41177928263352914,-0.3540224592702824,4.1377224284021255,0.18631030806873053,-0.2588416433932493,-0.3763626432432452,0.8698509260349007
img092_RT002.png,0.41435353927433405,-0.3542867096714968,4.147962462662966,0.18685952746617496,-0.26026020087592777,-0.37621735494189273,0.8693725591917802
img093_RT002.png,0.41689509523739443,-0.35455176442546454,4.158210641352589,0.1874082677761949,-0.26167809107987017,-0.37607110206032285,0.868891963372349
img094_RT002.png,0.41940392448343833,-0.3548176119555899,4.16846686034866,0.1879565275918803,-0.26309531036976086,-0.3759238849735124,0.8684091398088019
img095_RT002.png,0.42188000130882286,-0.3550842406771444,4.178731015446379,0.1885043055075529,-0.2645118551120045,-0.3757757040589098,0.8679240897390462
img096_RT002.png,0.4243233003458008,-0.3553516389973904,4.189003002359566,0.1890516001187697,-0.2659277216747349,-0.3756265596964346,0.8674368144066968
img097_RT002.png,0.4267337965627783,-0.3556197953156962,4.199282716721712,0.1895984100223273,-0.26734290642782466,-0.3754764522684768,0.8669473150610751
img098_RT002.png,0.42911146526457244,-0.3558886980236564,4.209570054087066,0.19014473381626476,-0.268757405742895,-0.3753253821598956,0.8664555929572035
img099_RT002.png,0.4314562820926662,-0.3561583355052118,4.219864909931694,0.19069057009986745,-0.27017121599332367,-0.3751733497580178,0.8659616493558039
img100_RT002.png,0.43376822302545515,-0.35642869613676664,4.230167179654555,0.19123591747367086,-0.27158433355425593,-0.3750203554526383,0.8654654855232938
img101_RT002.png,0.4360472643784976,-0.3566997682873092,4.240476758578583,0.19178077453946374,-0.2729967548026125,-0.37486639963601764,0.8649671027317831
img102_RT002.png,0.4382933828047526,-0.35697154031853184,4.250793541951745,0.19232513990029226,-0.2744084761170996,-0.3747114827028819,0.8644665022590708
img103_RT002.png,0.4405065552948244,-0.3572440005849481,4.26111742494812,0.19286901216046298,-0.27581949387821786,-0.37455560505042085,0.8639636853886418
img104_RT002.png,0.4426867591771948,-0.3575171374340127,4.271448302668982,0.19341238992554668,-0.27722980446827183,-0.37439876707828795,0.8634586534096638
img105_RT002.png,0.444833972118458,-0.35779093920624216,4.281786070143868,0.1939552718023822,-0.2786394042713791,-0.37424096918859856,0.8629514076169836
img106_RT002.png,0.446948172123548,-0.35806539423533623,4.2921306223316575,0.19449765639907973,-0.28004828967347983,-0.3740822117859293,0.862441949311124
img107_RT002.png,0.44902933753596486,-0.35834049084829145,4.302481854121649,0.19503954232502443,-0.2814564570623456,-0.37392249527731697,0.8619302797982803
img108_RT002.png,0.4510774470379979,-0.3586162173655263,4.312839660334638,0.1955809281908799,-0.2828639028275891,-0.37376182007225706,0.8614164003903174
img109_RT002.png,0.4530924796509408,-0.35889256210099885,4.323203935723992,0.19612181260859188,-0.28427062336067294,-0.3736001865827033,0.8609003124047663
img110_RT002.png,0.45507441473531196,-0.3591695133623276,4.333574574976739,0.19666219419139178,-0.28567661505491937,-0.37343759522306613,0.8603820171648198
img111_RT002.png,0.45702323199106143,-0.3594470594509107,4.343951472714639,0.19720207155380023,-0.2870818743055191,-0.3732740464102125,0.8598615159993303
img112_RT002.png,0.45893891145778154,-0.3597251886620454,4.354334523495268,0.19774144331163068,-0.2884863975095411,-0.3731095405634633,0.8593388102428062
img113_RT002.png,0.4608214335149112,-0.360003889285049,4.3647236218131,0.1982803080819927,-0.2898901810659408,-0.3729440781045935,0.8588139012354078
img114_RT002.png,0.4626707788819371,-0.3602831496033785,4.375118662100587,0.19881866448329596,-0.2912932213755708,-0.37277765945783103,0.8582867903229449
img115_RT002.png,0.46448692861859175,-0.3605629578947518,4.385519538729246,0.19935651113525357,-0.29269551484118894,-0.37261028504985516,0.8577574788568717
img116_RT002.png,0.4662698641250461,-0.36084330243126583,4.395926146010731,0.1998938466588851,-0.2940970578674678,-0.37244195530979546,0.8572259681942852
img117_RT002.png,0.4680195671421029,-0.36112417147951925,4.406338378197938,0.20043066967652143,-0.29549784686100417,-0.37227267066923125,0.8566922596979208
img118_RT002.png,0.469736019751381,-0.36140555330072943,4.416756129486061,0.20096697881180642,-0.2968978782303279,-0.37210243156218925,0.8561563547361489
img119_RT002.png,0.47141920437550255,-0.3616874361508573,4.4271792940137065,0.20150277268970238,-0.2982971483859116,-0.37193123842514453,0.8556182546829711
img120_RT002.png,0.4730691037782695,-0.361969808280725,4.437607765863956,0.20203804993649221,-0.2996956537401793,-0.37175909169701743,0.8550779609180176
img121_RT002.png,0.47468570106484453,-0.3622526579361356,4.448041439065467,0.2025728091797834,-0.30109339070751595,-0.3715859918191732,0.854535474826542
img122_RT002.png,0.47626897968191884,-0.36253597335799603,4.458480207593549,0.20310704904851187,-0.3024903557042768,-0.3714119392354213,0.8539907977994197
img123_RT002.png,0.47781892341788956,-0.3628197427824358,4.46892396537126,0.20364076817294466,-0.3038865451487957,-0.3712369343920134,0.853443931233143
img124_RT002.png,0.4793355164030172,-0.36310395444092913,4.47937260627049,0.20417396518468445,-0.30528195546139575,-0.37106097773764285,0.8528948765298185
img125_RT002.png,0.4808187431095956,-0.36338859656041445,4.48982602411305,0.20470663871667213,-0.30667658306439716,-0.3708840697234433,0.8523436350971618
img126_RT002.png,0.4822685883521064,-0.36367365736341495,4.500284112671757,0.20523878740319101,-0.3080704243821271,-0.37070621080298743,0.8517902083484965
img127_RT002.png,0.4836850372873789,-0.36395912506816197,4.510746765671533,0.20577040987987003,-0.3094634758409285,-0.37052740143228624,0.8512345977027477
img128_RT002.png,0.48506807541473906,-0.3642449878887113,4.521213876790489,0.20630150478368717,-0.3108557338691697,-0.37034764206978754,0.8506768045844408
img129_RT002.png,0.4864176885761574,-0.3645312340350686,4.531685339661006,0.20683207075297302,-0.312247194897253,-0.37016693317637456,0.8501168304236963
img130_RT002.png,0.4877338629564004,-0.3648178517133065,4.542161047870849,0.20736210642741448,-0.3136378553576244,-0.36998527521536495,0.849554676656227
img131_RT002.png,0.48901658508316337,-0.3651048291256893,4.552640894964234,0.20789161044805782,-0.3150277116847821,-0.3698026686525103,0.8489903447233333
img132_RT002.png,0.4902658418272159,-0.3653921544707912,4.563124774442935,0.20842058145731274,-0.31641676031528654,-0.36961911395599373,0.8484238360719012
img133_RT002.png,0.4914816204025333,-0.3656798159436172,4.573612579767371,0.20894901809895516,-0.31780499768776854,-0.3694346115964293,0.8478551521543969
img134_RT002.png,0.4926639083664258,-0.36596780173572707,4.5841042043577,0.2094769190181313,-0.3191924202429391,-0.36924916204686126,0.8472842944288635
img135_RT002.png,0.4938126936196727,-0.36625610003535325,4.594599541594912,0.21000428286136094,-0.3205790244235982,-0.3690627657827616,0.8467112643589182
img136_RT002.png,0.4949279644066388,-0.36654469902752185,4.605098484821917,0.21053110827654056,-0.3219648066746442,-0.36887542328203016,0.8461360634137476
img137_RT002.png,0.49600970931539945,-0.36683358689417966,4.615600927344648,0.2110573939129475,-0.3233497634430828,-0.3686871350249928,0.845558693068104
img138_RT002.png,0.49705791727785653,-0.3671227518143052,4.626106762433152,0.21158313842124274,-0.32473389117803597,-0.3684979014943997,0.8449791548023018
img139_RT002.png,0.4980725775698538,-0.36741218196404013,4.636615883322681,0.21210834045347496,-0.3261171863307515,-0.36830772317542537,0.844397450102214
img140_RT002.png,0.4990536798112808,-0.3677018655168032,4.647128183214786,0.21263299866308322,-0.3274996453546114,-0.3681166005556661,0.8438135804592677
img141_RT002.png,0.5000012139661879,-0.36799179064341736,4.657643555278421,0.21315711170490137,-0.3288812647051419,-0.3679245341251393,0.8432275473704413
img142_RT002.png,0.5009151703428815,-0.3682819455122248,4.668161892651029,0.21368067823516074,-0.33026204084002186,-0.3677315243762825,0.8426393523382594
img143_RT002.png,0.5017955395940303,-0.36857231828921355,4.678683088439649,0.21420369691149393,-0.3316419702190919,-0.3675375718039515,0.8420489968707896
img144_RT002.png,0.5026423127167541,-0.3688628971381358,4.689207035721995,0.21472616639293798,-0.33302104930436366,-0.36734267690541933,0.8414564824816394
img145_RT002.png,0.5034554810527222,-0.3691536702206317,4.699733627547573,0.21524808533993858,-0.3343992745600295,-0.3671468401803757,0.8408618106899505
img146_RT002.png,0.5042350362882386,-0.36944462569634773,4.710262756938759,0.2157694524143521,-0.3357766424524698,-0.3669500621309243,0.8402649830203968
img147_RT002.png,0.5049809704543291,-0.3697357517230624,4.7207943168919115,0.21629026627945078,-0.3371531494502639,-0.36675234326158257,0.839666001003179
img148_RT002.png,0.5056932759268213,-0.3700270364568019,4.73132820037846,0.21681052559992425,-0.33852879202419806,-0.36655368407928,0.8390648661740218
img149_RT002.png,0.5063719454264244,-0.37031846805196755,4.7418643003460055,0.21733022904188476,-0.3399035666472752,-0.3663540850933575,0.838461580074169
img150_RT002.png,0.5070169720188017,-0.37061003466145204,4.752402509719412,0.21784937527286932,-0.34127746979472295,-0.36615354681556433,0.8378561442503808
img151_RT002.png,0.5076283491146478,-0.37090172443676606,4.762942721401921,0.21836796296184363,-0.34265049794400393,-0.36595206976005956,0.8372485602549279
img152_RT002.png,0.5082060704697455,-0.37119352552815443,4.773484828276229,0.21888599077920556,-0.34402264757482376,-0.3657496544434077,0.8366388296455898
img153_RT002.png,0.5087501301850403,-0.37148542608472246,4.784028723205604,0.21940345739678827,-0.34539391516914075,-0.3655463013845798,0.8360269539856489
img154_RT002.png,0.5092605227066946,-0.37177741425455535,4.794574299034972,0.21992036148786398,-0.3467642972111743,-0.36534201110495096,0.8354129348438876
img155_RT002.png,0.5097372428261477,-0.3720694781848377,4.805121448592021,0.22043670172714686,-0.3481337901874147,-0.3651367841282989,0.8347967737945841
img156_RT002.png,0.5101802856801665,-0.3723616060219801,4.815670064688302,0.22095247679079716,-0.34950239058663146,-0.3649306209808034,0.8341784724175079
img157_RT002.png,0.5105896467508995,-0.3726537859117349,4.826220040120321,0.22146768535642375,-0.3508700948998825,-0.3647235221910443,0.8335580322979165
img158_RT002.png,0.5109653218659185,-0.3729460059993228,4.836771267670651,0.22198232610308816,-0.3522368996205234,-0.3645154882900001,0.8329354550265502
img159_RT002.png,0.5113073071982643,-0.3732382544295505,4.847323640109013,0.22249639771130783,-0.3536028012442161,-0.364306519811047,0.8323107421996294
img160_RT002.png,0.5116155992664855,-0.37353051934693604,4.857877050193396,0.22300989886305914,-0.3549677962689379,-0.3640966172899576,0.8316838954188496
img161_RT002.png,0.511890194934673,-0.37382278889582565,4.868431390671143,0.22352282824178107,-0.35633188119499054,-0.36388578126489873,0.8310549162913776
img162_RT002.png,0.5121310914124937,-0.37411505122052136,4.878986554280059,0.22403518453237922,-0.3576950525250096,-0.36367401227643126,0.8304238064298467
img163_RT002.png,0.5123382862552179,-0.37440729446539667,4.889542433749503,0.22454696642122754,-0.35905730676397246,-0.3634613108675076,0.829790567452354
img164_RT002.png,0.512511777363746,-0.3746995067750214,4.900098921801491,0.2250581725961733,-0.3604186404192077,-0.3632476775834707,0.8291552009824552
img165_RT002.png,0.512651562984628,-0.37499167629428376,4.910655911151805,0.22556880174653962,-0.3617790500004047,-0.36303311297205343,0.8285177086491604
img166_RT002.png,0.512757641710083,-0.3752837911685092,4.921213294511079,0.2260788525631293,-0.363138532019622,-0.36281761758337566,0.8278780920869304
img167_RT002.png,0.5128300124780125,-0.37557583954358464,4.931770964585911,0.22658832373822752,-0.3644970829912959,-0.3626011919699443,0.8272363529356723
img168_RT002.png,0.5128686745720124,-0.3758678095660781,4.942328814079955,0.22709721396560603,-0.3658546994322503,-0.3623838366866508,0.8265924928407349
img169_RT002.png,0.5128736276213781,-0.3761596893833632,4.952886735695027,0.22760552194052566,-0.3672113778617046,-0.3621655522907703,0.8259465134529055
img170_RT002.png,0.5128448716011147,-0.3764514671437349,4.963444622132202,0.22811324635974037,-0.3685671148012836,-0.3619463393419604,0.8252984164284046
img171_RT002.png,0.5127824068319264,-0.3767431309965381,4.974002366092915,0.2286203859215001,-0.36992190677502595,-0.36172619840225895,0.8246482034288822
img172_RT002.png,0.5126862339802245,-0.37703466909228656,4.984559860280068,0.22912693932555456,-0.37127575030939264,-0.36150513003608353,0.8239958761214133
img173_RT002.png,0.5125563540581115,-0.3773260695827796,4.995116997399116,0.22963290527315594,-0.37262864193327694,-0.361283134810229,0.8233414361784941
img174_RT002.png,0.5123927684233767,-0.37761732062123077,5.005673670159183,0.23013828246706292,-0.3739805781780125,-0.3610602132938671,0.8226848852780371
img175_RT002.png,0.512195478779482,-0.3779084103623864,5.016229771274151,0.23064306961154368,-0.37533155557738235,-0.36083636605854424,0.8220262251033669
img176_RT002.png,0.5119644871755378,-0.37819932696264713,5.026785193463768,0.2311472654123789,-0.3766815706676279,-0.36061159367818024,0.8213654573432164
img177_RT002.png,0.5116997960062919,-0.37849005858018625,5.037339829454738,0.23165086857686554,-0.37803061998745774,-0.3603858967290667,0.8207025836917223
img178_RT002.png,0.5114014080120974,-0.3787805933750783,5.047893571981839,0.23215387781382038,-0.3793787000780571,-0.36015927578986645,0.8200376058484198
img179_RT002.png,0.5110693262788875,-0.3790709195094131,5.058446313788999,0.23265629183358238,-0.3807258074830954,-0.3599317314416104,0.8193705255182399
img180_RT002.png,0.510703554238142,-0.37936102514742265,5.06899794763042,0.23315810934801687,-0.38207193874873663,-0.35970326426769755,0.8187013444115031
img181_RT002.png,0.5103040956668563,-0.3796508984556004,5.0795483662716645,0.23365932907051873,-0.3834170904236472,-0.3594738748538929,0.8180300642439174
img182_RT002.png,0.5098709546874989,-0.3799405276028194,5.090097462490749,0.23415994971601523,-0.38476125905900493,-0.3592435637883257,0.8173566867365714
img183_RT002.png,0.5094041357679686,-0.3802299007604595,5.10064512907926,0.23465997000096953,-0.38610444120850834,-0.3590123316614885,0.8166812136159316
img184_RT002.png,0.5089036437215522,-0.3805190061025254,5.11119125884345,0.23515938864338448,-0.3874466334283851,-0.3587801790662351,0.8160036466138375
img185_RT002.png,0.5083694837068722,-0.38080783180576816,5.121735744605321,0.23565820436280516,-0.3887878322774008,-0.3585471065977795,0.8153239874674966
img186_RT002.png,0.5078016612278353,-0.3810963660498057,5.132278479203741,0.23615641588032238,-0.39012803431686816,-0.35831311485369405,0.8146422379194811
img187_RT002.png,0.507200182133575,-0.38138459701724736,5.142819355495539,0.23665402191857635,-0.3914672361106553,-0.35807820443390787,0.8139583997177221
img188_RT002.png,0.5065650526183927,-0.381672512893811,5.1533582663566015,0.23715102120175957,-0.3928054342251955,-0.35784237594070595,0.813272474615506
img189_RT002.png,0.5058962792216932,-0.38196010186844553,5.163895104682966,0.2376474124556199,-0.3941426252294944,-0.3576056299787266,0.8125844643714701
img190_RT002.png,0.5051938688279181,-0.3822473521334533,5.174429763391933,0.23814319440746462,-0.3954788056951406,-0.35736796715496055,0.8118943707495975
img191_RT002.png,0.5044578286664754,-0.38253425188461065,5.184962135423149,0.2386383657861629,-0.3968139721963131,-0.3571293880787494,0.8112021955192129
img192_RT002.png,0.5036881663116644,-0.3828207893212876,5.195492113739718,0.23913292532214922,-0.3981481213097908,-0.3568898933617838,0.8105079404549779
img193_RT002.png,0.5028848896825988,-0.3831069526465716,5.206019591329289,0.23962687174742717,-0.3994812496149614,-0.3566494836181022,0.8098116073368867
img194_RT002.png,0.5020480070431275,-0.3833927300673843,5.216544461205155,0.2401202037955719,-0.40081335369382903,-0.3564081594640889,0.8091131979502616
img195_RT002.png,0.5011775270017438,-0.3836781097946069,5.227066616407359,0.24061292020173403,-0.40214443013102463,-0.3561659215184725,0.8084127140857478
img196_RT002.png,0.5002734585115043,-0.38396308004319946,5.237585950003781,0.24110501970264236,-0.4034744755138133,-0.3559227704023248,0.8077101575393093
img197_RT002.png,0.4993358108699326,-0.38424762903231957,5.248102355091238,0.24159650103660757,-0.40480348643210406,-0.35567870673905866,0.8070055301122246
img198_RT002.png,0.49836459371892583,-0.3845317449854466,5.258615724796579,0.2420873629435252,-0.4061314594784579,-0.35543373115442656,0.8062988336110815
img199_RT002.png,0.49735981704465404,-0.38481541613050085,5.269125952277785,0.2425776041648788,-0.407458391248097,-0.35518784427651934,0.8055900698477726
img200_RT002.png,0.4963214911774607,-0.3850986306999633,5.279632930725065,0.24306722344374362,-0.40878427833891345,-0.35494104673576415,0.8048792406394907
img201_RT002.png,0.4952496267917521,-0.3853813769309986,5.290136553361943,0.24355621952478917,-0.41010911735147726,-0.3546933391649228,0.8041663478087243
img202_RT002.png,0.49414423490589376,-0.38566364306557377,5.30063671344636,0.24404459115428281,-0.4114329048890459,-0.35444472219909023,0.803451393183253
img203_RT002.png,0.49300532688209153,-0.3859454173505801,5.311133304271768,0.2445323370800932,-0.41275563755757266,-0.35419519647569353,0.802734378596142
img204_RT002.png,0.4918329144262812,-0.38622668803795257,5.321626219168226,0.2450194560516929,-0.41407731196571534,-0.35394476263448943,0.8020153058857389
img205_RT002.png,0.4906270095880021,-0.38650744338479104,5.332115351503489,0.24550594682016222,-0.4153979247248454,-0.3536934213175627,0.801294176895667
img206_RT002.png,0.48938762476027686,-0.3867876716534797,5.3426005946841055,0.24599180813819166,-0.41671747244905555,-0.35344117316932516,0.8005709934748229
img207_RT002.png,0.48811477267948833,-0.38706736111180895,5.3530818421565085,0.24647703876008617,-0.41803595175516983,-0.3531880188365137,0.7998457574773693
img208_RT002.png,0.4868084664252361,-0.3873465000330958,5.36355898740811,0.2469616374417672,-0.4193533592627509,-0.352933958968188,0.7991184707627329
img209_RT002.png,0.48546871942022096,-0.3876250766963021,5.374031923968392,0.24744560294077678,-0.42066969159411016,-0.35267899421573007,0.7983891351955967
img210_RT002.png,0.4840955454300895,-0.3879030793861562,5.384500545410001,0.24792893401628027,-0.42198494537431513,-0.35242312523284164,0.7976577526458977
img211_RT002.png,0.48268895856330585,-0.38818049639327246,5.394964745349833,0.24841162942906936,-0.4232991172311987,-0.3521663526755429,0.7969243249888208
img212_RT002.png,0.48124897327099747,-0.38845731601427325,5.405424417450131,0.24889368794156577,-0.4246122037953675,-0.35190867720217056,0.7961888541047949
img213_RT002.png,0.47977560434681266,-0.3887335265519065,5.415879455419579,0.24937510831782425,-0.4259242017002113,-0.3516500994733765,0.7954513418794864
img214_RT002.png,0.4782688669267716,-0.38900911631516544,5.426329753014379,0.24985588932353545,-0.42723510758191063,-0.3513906201521257,0.7947117902037965
img215_RT002.png,0.4767287764890997,-0.3892840736194112,5.436775204039348,0.2503360297260293,-0.4285449180794457,-0.35113023990369463,0.7939702009738548
img216_RT002.png,0.4751553488540823,-0.389558386786492,5.447215702349015,0.2508155282942784,-0.429853629834606,-0.3508689593956703,0.793226576091015
img217_RT002.png,0.47354860018389267,-0.3898320441448593,5.457651141848697,0.2512943837989006,-0.43116123949199703,-0.35060677929794687,0.7924809174618506
img218_RT002.png,0.4719085469824307,-0.3901050340296939,5.468081416495587,0.25177259501216276,-0.43246774369905044,-0.35034370028272593,0.7917332269981482
img219_RT002.png,0.4702352060951547,-0.3903773447830168,5.478506420299855,0.2522501607079836,-0.43377313910603227,-0.35007972302451296,0.7909835066169051
img220_RT002.png,0.4685285947089026,-0.39064896475382005,5.488926047325726,0.25272707966193675,-0.43507742236605107,-0.34981484820011716,0.790231758240322
img221_RT002.png,0.4667887303517244,-0.39091988229817454,5.499340191692557,0.25320335065125416,-0.4363805901350672,-0.34954907648864847,0.7894779837958
img222_RT002.png,0.46501563089269604,-0.3911900857793573,5.509748747575943,0.2536789724548288,-0.4376826390719006,-0.34928240857151654,0.7887221852159344
img223_RT002.png,0.4632093145417362,-0.3914595635679703,5.520151609208789,0.25415394385321854,-0.43898356583824,-0.34901484513242875,0.7879643644385103
img224_RT002.png,0.4613697998494224,-0.3917283040420543,5.5305486708823945,0.2546282636286484,-0.4402833670986512,-0.3487463868573886,0.7872045234064972
img225_RT002.png,0.45949710570680113,-0.3919962955872145,5.540939826947547,0.25510193056501457,-0.44158203952058594,-0.34847703443469397,0.7864426640680446
img226_RT002.png,0.4575912513451914,-0.39226352659673536,5.551324971815593,0.2555749434478865,-0.44287957977438974,-0.3482067885549348,0.7856787883764766
img227_RT002.png,0.4556522563359888,-0.3925299854717008,5.561703999959532,0.2560473010645108,-0.4441759845333111,-0.34793564991099213,0.7849128982902875
img228_RT002.png,0.4536801405904638,-0.3927956606211138,5.572076805915088,0.2565190022038141,-0.4454712504735094,-0.3476636191980357,0.7841449957731355
img229_RT002.png,0.45167492435955947,-0.393060540462016,5.5824432842818075,0.25699004565640654,-0.4467653742740652,-0.34739069711352294,0.7833750827938384
img230_RT002.png,0.4496366282336839,-0.3933246134196051,5.592803329724118,0.25746043021458365,-0.4480583526169855,-0.34711688435719573,0.7826031613263695
img231_RT002.png,0.44756527314249483,-0.39358786792735057,5.6031568369724285,0.2579301546723311,-0.44935018218721534,-0.3468421816310805,0.7818292333498513
img232_RT002.png,0.44546088035469156,-0.3938502924271192,5.613503700824193,0.2583992178253265,-0.45064085967264456,-0.3465665896394848,0.7810533008485505
img233_RT002.png,0.4433234714777905,-0.3941118753692905,5.6238438161450075,0.2588676184709433,-0.4519303817641174,-0.34629010908899666,0.7802753658118731
img234_RT002.png,0.441153068457909,-0.39437260521287154,5.634177077869671,0.25933535540825325,-0.45321874515543964,-0.34601274068848187,0.7794954302343595
img235_RT002.png,0.43894969357953384,-0.3946324704256199,5.64450338100327,0.25980242743802995,-0.4545059465433885,-0.3457344851490824,0.7787134961156795
img236_RT002.png,0.43671336946530226,-0.3948914594841604,5.654822620622259,0.26026883336275175,-0.45579198262772,-0.3454553431842157,0.7779295654606271
img237_RT002.png,0.4344441190757593,-0.3951495608741038,5.665134691875527,0.2607345719866049,-0.457076850111178,-0.3451753155095708,0.7771436402791145
img238_RT002.png,0.43214196570912855,-0.39540676309016387,5.675439489985486,0.2611996421154863,-0.45836054569950296,-0.34489440284310835,0.7763557225861683
img239_RT002.png,0.42980693300107387,-0.3956630546362747,5.685736910249129,0.2616640425570067,-0.4596430661014388,-0.3446126059050575,0.7755658144019234
img240_RT002.png,0.42743904492445295,-0.3959184240257132,5.696026848039125,0.26212777212049454,-0.46092440802874424,-0.3443299254179153,0.7747739177516179
img241_RT002.png,0.4250383257890744,-0.3961728597812093,5.706309198804869,0.26259082961699765,-0.4622045681961979,-0.34404636210644296,0.7739800346655884
img242_RT002.png,0.4226048002414471,-0.3964263504350716,5.716583858073566,0.263053213859287,-0.4634835433216087,-0.34376191669766626,0.7731841671792649
img243_RT002.png,0.4201384932645287,-0.3966788845292988,5.726850721451314,0.26351492366186013,-0.46476133012582477,-0.34347658992087243,0.772386317333164
img244_RT002.png,0.41763943017746774,-0.3969304506157001,5.737109684624144,0.2639759578409434,-0.4660379253327397,-0.34319038250760764,0.7715864871728859
img245_RT002.png,0.41510763663534656,-0.39718103725601184,5.74736064335912,0.26443631521449557,-0.46731332566930284,-0.3429032951916766,0.7707846787491083
img246_RT002.png,0.41254313862891445,-0.3974306330220183,5.757603493505395,0.26489599460221047,-0.4685875278655272,-0.34261532870914013,0.7699808941175796
img247_RT002.png,0.4099459624843249,-0.397679226495661,5.767838130995275,0.2653549948255205,-0.46986052865449734,-0.34232648379831243,0.7691751353391164
img248_RT002.png,0.4073161348628629,-0.397926806269163,5.778064451845298,0.2658133147075992,-0.4711323247723784,-0.3420367611997606,0.7683674044795958
img249_RT002.png,0.4046536827606726,-0.3981733609451439,5.788282352157284,0.26627095307336435,-0.47240291295842374,-0.34174616165630173,0.767557703609952
img250_RT002.png,0.4019586335084806,-0.398418879136734,5.798491728119423,0.2667279087494814,-0.4736722899549843,-0.3414546859130011,0.7667460348061693
img251_RT002.png,0.3992310147713156,-0.3986633494676961,5.808692476007316,0.2671841805643654,-0.4749404525075159,-0.3411623347171709,0.765932400149278
img252_RT002.png,0.39647085454822406,-0.39890676057253893,5.818884492185058,0.26763976734818556,-0.4762073973645881,-0.3408691088183677,0.7651168017253483
img253_RT002.png,0.39367818117198317,-0.39914910109663126,5.829067673106286,0.2680946679328673,-0.477473121277893,-0.3405750089683905,0.7642992416254859
img254_RT002.png,0.3908530233088112,-0.3993903596963242,5.839241915315249,0.26854888115209474,-0.47873762100225237,-0.3402800359212792,0.7634797219458254
img255_RT002.png,0.3879954099580729,-0.39963052503906527,5.849407115447869,0.26900240584131496,-0.4800008932956269,-0.33998419043331274,0.7626582447875256
img256_RT002.png,0.38510537045198356,-0.3998695858035095,5.8595631702328035,0.26945524083774053,-0.48126293491912486,-0.33968747326300625,0.7618348122567646
img257_RT002.png,0.3821829344553036,-0.4001075306796449,5.869709976492493,0.2699073849803515,-0.4825237426370091,-0.33938988517111063,0.7610094264647331
img258_RT002.png,0.37922813196503924,-0.4003443483689013,5.8798474311442295,0.2703588371099,-0.4837833132167062,-0.339091426920609,0.7601820895276304
img259_RT002.png,0.3762409933101343,-0.4005800275842679,5.889975431201212,0.2708095960689117,-0.48504164342881456,-0.33879209927671555,0.7593528035666581
img260_RT002.png,0.37322154915115435,-0.4008145570504116,5.900093873773601,0.27125966070169016,-0.4862987300471132,-0.33849190300687393,0.7585215707080147
img261_RT002.png,0.3701698304799801,-0.40104792550378887,5.910202656069575,0.27170902985431866,-0.4875545698485693,-0.3381908388807545,0.7576883930828906
img262_RT002.png,0.36708586861948245,-0.4012801216927624,5.920301675396383,0.27215770237466375,-0.4888091596133467,-0.33788890767025287,0.7568532728274622
img263_RT002.png,0.36396969522320655,-0.40151113437771935,5.930390829161402,0.27260567711237826,-0.4900624961248144,-0.33758611014948764,0.7560162120828866
img264_RT002.png,0.36082134227504126,-0.4017409523311839,5.940470014873176,0.27305295291890364,-0.4913145761695541,-0.3372824470947987,0.755177212995296
img265_RT002.png,0.35764084208889857,-0.4019695643379326,5.9505391301424915,0.27349952864747384,-0.49256539653736947,-0.3369779192847449,0.7543362777157929
img266_RT002.png,0.35442822730837475,-0.40219695919510556,5.960598072683402,0.273945403153117,-0.49381495402129355,-0.336672527500102,0.7534934084004431
img267_RT002.png,0.3511835309064226,-0.40242312571233363,5.97064674031429,0.27439057529266003,-0.49506324541759755,-0.3363662725238616,0.7526486072102718
img268_RT002.png,0.34790678618500714,-0.4026480527118381,5.980685030958915,0.27483504392473,-0.4963102675257985,-0.33605915514122786,0.7518018763112567
img269_RT002.png,0.3445980267747679,-0.40287172902855506,5.990712842647461,0.2752788079097579,-0.4975560171486681,-0.33575117613961614,0.7509532178743237
img270_RT002.png,0.34125728663467125,-0.4030941435102471,6.000730073517573,0.2757218661099813,-0.49880049109224023,-0.3354423363086511,0.75010263407534
img271_RT002.png,0.33788460005166865,-0.40331528501761693,6.010736621815413,0.27616421738944746,-0.5000436861658196,-0.33513263644016444,0.7492501270951097
img272_RT002.png,0.33448000164033354,-0.40353514242442223,6.020732385896693,0.2766058606140156,-0.5012855991819896,-0.33482207732819247,0.7483956991193678
img273_RT002.png,0.331043526342516,-0.4037537046175901,6.0307172642277305,0.2770467946513614,-0.5025262269566211,-0.334510659768975,0.7475393523387741
img274_RT002.png,0.32757520942698215,-0.40397096049733117,6.04069115538648,0.2774870183709775,-0.5037655663088799,-0.33419838456095274,0.7466810889489084
img275_RT002.png,0.3240750864890516,-0.4041868989772519,6.050653958063572,0.27792653064417866,-0.5050036140612352,-0.33388525250476525,0.7458209111502645
img276_RT002.png,0.3205431934502301,-0.404401508984471,6.060605571063361,0.2783653303441034,-0.5062403670394677,-0.33357126440324875,0.7449588211482439
img277_RT002.png,0.316979566557845,-0.404614779459731,6.070545893304953,0.2788034163457171,-0.5074758220726779,-0.33325642106143455,0.7440948211531514
img278_RT002.png,0.3133842423846729,-0.4048266993575098,6.08047482382325,0.2792407875258151,-0.5087099759932944,-0.33294072328654656,0.7432289133801887
img279_RT002.png,0.3097572578285632,-0.4050372576461423,6.09039226176998,0.2796774427630257,-0.5099428256370804,-0.3326241718879994,0.7423611000494487
img280_RT002.png,0.30609865011205795,-0.4052464433079175,6.100298106414737,0.2801133809378122,-0.5111743678431446,-0.33230676767739636,0.7414913833859099
img281_RT002.png,0.3024084567820138,-0.40545424533921093,6.110192257146007,0.2805486009324768,-0.5124045994539471,-0.3319885114685271,0.7406197656194314
img282_RT002.png,0.29868671570921723,-0.4056606527505835,6.120074613472211,0.28098310163116313,-0.5136335173153088,-0.3316694040773659,0.7397462489847453
img283_RT002.png,0.294933465087994,-0.4058656545668997,6.129945075022716,0.2814168819198587,-0.5148611182764179,-0.33134944632206914,0.7388708357214534
img284_RT002.png,0.2911487434358131,-0.4060692398274397,6.139803541548887,0.2818499406863983,-0.5160873991898398,-0.3310286390229735,0.7379935280740194
img285_RT002.png,0.2873325895929024,-0.4062713975860084,6.149649912925101,0.2822822768204665,-0.5173123569115244,-0.33070698300259416,0.7371143282917645
img286_RT002.png,0.28348504272184094,-0.40647211691105456,6.159484089149777,0.2827138892136007,-0.5185359883008136,-0.3303844790856218,0.7362332386288606
img287_RT002.png,0.27960614230716296,-0.40667138688577564,6.169305970346401,0.2831447767591938,-0.5197582902204501,-0.33006112809892124,0.7353502613443258
img288_RT002.png,0.2756959281549487,-0.40686919660823584,6.1791154567645545,0.28357493835249714,-0.5209792595365853,-0.3297369308715292,0.7344653987020172
img289_RT002.png,0.271754440392419,-0.4070655351914727,6.188912448780934,0.28400437289062347,-0.5221988931187872,-0.3294118882346519,0.7335786529706261
img290_RT002.png,0.26778171946752316,-0.4072603917636126,6.198696846900369,0.2844330792725494,-0.5234171878400484,-0.3290860010216632,0.7326900264236719
img291_RT002.png,0.2637778061485241,-0.40745375546797913,6.208468551756851,0.2848610563991187,-0.5246341405767946,-0.3287592700681023,0.7317995213394956
img292_RT002.png,0.25974274152358,-0.40764561546320843,6.218227464114548,0.28528830317304477,-0.5258497482088915,-0.32843169621167195,0.7309071400012551
img293_RT002.png,0.2556765670003225,-0.4078359609233555,6.2279734848688175,0.28571481849891345,-0.5270640076196541,-0.32810328029223534,0.7300128846969188
img294_RT002.png,0.25157932430543406,-0.4080247810380082,6.23770651504723,0.28614060128318597,-0.5282769156958537,-0.3277740231518151,0.72911675771926
img295_RT002.png,0.24745105548421487,-0.40821206501240104,6.2474264558105865,0.28656565043420207,-0.5294884693277268,-0.32744392563459085,0.7282187613658497
img296_RT002.png,0.24329180290016073,-0.40839780206751763,6.257133208453917,0.2869899648621817,-0.5306986654089813,-0.32711298858689636,0.7273188979390532
img297_RT002.png,0.23910160923451818,-0.40858198144020896,6.266826674407512,0.2874135434792291,-0.5319075008368074,-0.32678121285721806,0.7264171697460218
img298_RT002.png,0.23488051748585526,-0.40876459238330076,6.2765067552379215,0.2878363851993352,-0.5331149725118828,-0.3264485992961928,0.7255135790986881
img299_RT002.png,0.23062857096961453,-0.40894562416570235,6.286173352648965,0.2882584889383798,-0.534321077338382,-0.3261151487566054,0.7246081283137594
img300_RT002.png,0.2263458133176739,-0.4091250660725203,6.295826368482748,0.2886798536141352,-0.5355258122239843,-0.32578086209338675,0.7237008197127133
img301_RT002.png,0.22203228847789402,-0.40930290740516373,6.305465704720657,0.2891004781462682,-0.5367291740798804,-0.3254457401636111,0.7227916556217898
img302_RT002.png,0.2176880407136721,-0.4094791374814597,6.315091263484368,0.2895203614563434,-0.5379311598207821,-0.32510978382649475,0.7218806383719862
img303_RT002.png,0.21331311460348545,-0.40965374563575674,6.324702947036862,0.2899395024678258,-0.5391317663649291,-0.3247729939433929,0.7209677702990516
img304_RT002.png,0.20890755504043357,-0.4098267212190403,6.3343006577834124,0.29035790010608403,-0.5403309906340976,-0.32443537137779804,0.7200530537434797
img305_RT002.png,0.20447140723178236,-0.4099980535990335,6.343884298272589,0.29077555329839183,-0.5415288295536075,-0.32409691699533755,0.7191364910505038
img306_RT002.png,0.2000047166984944,-0.4101677321603159,6.3534537711972625,0.2911924609739319,-0.5427252800523304,-0.32375763166377153,0.718218084570091
img307_RT002.png,0.19550752927476256,-0.41033574630442926,6.363008979395605,0.291608622063799,-0.5439203390626981,-0.3234175162529906,0.7172978366569346
img308_RT002.png,0.19097989110755154,-0.41050208544997835,6.372549825852072,0.2920240355010012,-0.5451140035207094,-0.32307657163501347,0.7163757496704506
img309_RT002.png,0.18642184865610467,-0.4106667390327505,6.382076213698413,0.29243870022046375,-0.5463062703659396,-0.3227347986839849,0.7154518259747684
img310_RT002.png,0.18183344869148343,-0.41082969650582246,6.3915880462146575,0.2928526151590317,-0.547497136541546,-0.3223921982761734,0.7145260679387284
img311_RT002.png,0.17721473829608225,-0.4109909473396569,6.401085226830104,0.29326577925547226,-0.5486865989942783,-0.3220487712899693,0.7135984779358724
img312_RT002.png,0.172565764863144,-0.4111504810222275,6.410567659124321,0.29367819145047797,-0.5498746546744843,-0.32170451860588123,0.7126690583444403
img313_RT002.png,0.16788657609628066,-0.4113082870591125,6.4200352468281245,0.29408985068666893,-0.5510613005361191,-0.3213594411065361,0.7117378115473623
img314_RT002.png,0.1631772200089734,-0.4114643549736119,6.429487893824571,0.29450075590859576,-0.5522465335367523,-0.32101353967667473,0.7108047399322533
img315_RT002.png,0.1584377449240888,-0.4116186743068502,6.438925504149944,0.2949109060627425,-0.5534303506375763,-0.3206668152031506,0.7098698458914071
img316_RT002.png,0.15366819947337929,-0.41177123461788145,6.448347981994733,0.2953203000975286,-0.5546127488034125,-0.3203192685749273,0.7089331318217904
img317_RT002.png,0.14886863259699012,-0.41192202548380363,6.457755231704626,0.2957289369633127,-0.5557937250027218,-0.3199709006830768,0.7079946001250353
img318_RT002.png,0.1440390935429443,-0.4120710364998592,6.46714715778147,0.2961368156123944,-0.5569732762076095,-0.3196217124207757,0.707054253207435
img319_RT002.png,0.13917963186665627,-0.4122182572795454,6.4765236648842865,0.29654393499901754,-0.558151399393836,-0.31927170468330524,0.7061120934799358
img320_RT002.png,0.13429029743040566,-0.41236367745471725,6.4858846578302085,0.2969502940793724,-0.5593280915408215,-0.3189208783680467,0.7051681233581324
img321_RT002.png,0.1293711404028386,-0.412507286675698,6.49523004159548,0.2973558918115986,-0.5605033496316558,-0.3185692343744804,0.7042223452622617
img322_RT002.png,0.12442221125844455,-0.412649074611382,6.504559721316428,0.2977607271557878,-0.5616771706531056,-0.31821677360418327,0.7032747616171949
img323_RT002.png,0.11944356077704699,-0.4127890309493423,6.513873602290437,0.2981647990739866,-0.5628495515956222,-0.3178634969608262,0.7023253748524333
img324_RT002.png,0.11443524004327577,-0.41292714539593556,6.523171589976906,0.29856810653019855,-0.5640204894533487,-0.317509405350172,0.7013741874021008
img325_RT002.png,0.10939730044604534,-0.4130634076764088,6.532453589998238,0.2989706484903873,-0.5651899812241282,-0.3171544996800727,0.700421201704938
img326_RT002.png,0.10432979367802941,-0.413197807535004,6.541719508140792,0.2993724239224794,-0.5663580239095116,-0.3167987808604679,0.6994664202042965
img327_RT002.png,0.0992327717351289,-0.41333033473506253,6.550969250355866,0.29977343179636656,-0.5675246145147651,-0.31644224980338176,0.6985098453481315
img328_RT002.png,0.09410628691593859,-0.41346097905913215,6.560202722760634,0.30017367108390824,-0.5686897500488777,-0.31608490742292095,0.6975514795889965
img329_RT002.png,0.08895039182121334,-0.41358973030906876,6.569419831639141,0.30057314075893443,-0.5698534275245689,-0.3157267546352722,0.6965913253840371
img330_RT002.png,0.08376513935332541,-0.41371657830614517,6.578620483443242,0.3009718397972489,-0.5710156439582968,-0.3153677923587003,0.6956293851949833
img331_RT002.png,0.07855058271572046,-0.4138415128911501,6.587804584793572,0.30136976717663067,-0.5721763963702658,-0.3150080215135454,0.6946656614881448
img332_RT002.png,0.0733067754123824,-0.4139645239244989,6.596972042480495,0.30176692187683724,-0.5733356817844328,-0.3146474430222203,0.6937001567344042
img333_RT002.png,0.06803377124726806,-0.41408560128633054,6.6061227634650725,0.3021633028796076,-0.5744934972285172,-0.31428605780920926,0.6927328734092099
img334_RT002.png,0.06273162432377122,-0.414204734876618,6.615256654880005,0.30255890916866396,-0.5756498397340064,-0.31392386680106443,0.6917638139925711
img335_RT002.png,0.057400389044157674,-0.41432191461526546,6.624373624030586,0.3029537397297149,-0.5768047063361641,-0.31356087092640383,0.6907929809690503
img336_RT002.png,0.05204012010901016,-0.4144371304422183,6.633473578395668,0.30334779355045843,-0.5779580940740392,-0.3131970711159095,0.6898203768277569
img337_RT002.png,0.04665087251666833,-0.4145503723175601,6.642556425628586,0.303741069620583,-0.5791099999904706,-0.312832468302324,0.6888460040623424
img338_RT002.png,0.04123270156266656,-0.41466163022162084,6.651622073558128,0.30413356693177207,-0.5802604211320981,-0.3124670634204498,0.6878698651709916
img339_RT002.png,0.03578566283916107,-0.4147708941550752,6.660670430189467,0.30452528447770527,-0.581409354549367,-0.31210085740714455,0.6868919626564184
img340_RT002.png,0.030309812234361466,-0.41487815413904894,6.669701403705108,0.30491622125406165,-0.5825567972965378,-0.31173385120132063,0.6859122990258576
img341_RT002.png,0.024805205931967222,-0.41498340021521685,6.678714902465827,0.3053063762585219,-0.5837027464316922,-0.31136604574394194,0.6849308767910606
img342_RT002.png,0.019271900410573473,-0.41508662244590955,6.687710835011622,0.3056957484907714,-0.5848471990167424,-0.31099744197802165,0.6839476984682856
img343_RT002.png,0.013709952443108353,-0.4151878109142131,6.696689110062627,0.306084336952502,-0.5859901521174361,-0.3106280408486191,0.6829627665782959
img344_RT002.png,0.00811941909624414,-0.4152869557240728,6.70564963652008,0.3064721406474156,-0.5871316028033672,-0.310257843302839,0.6819760836463481
img345_RT002.png,0.002500357729808833,-0.4153840470003858,6.71459232346723,0.3068591585812256,-0.5882715481479801,-0.3098868502898271,0.6809876522021904
img346_RT002.png,-0.00314717400379827,-0.4154790748891184,6.723517080170282,0.30724538976166044,-0.5894099852285799,-0.30951506276076907,0.6799974747800525
img347_RT002.png,-0.008823118160194987,-0.41557202955739303,6.732423816079331,0.30763083319846546,-0.5905469111263377,-0.30914248166888747,0.6790055539186413
img348_RT002.png,-0.014527416503617108,-0.4156629011935937,6.7413124408292795,0.3080154879034057,-0.5916823229263001,-0.30876910796943957,0.6780118921611338
img349_RT002.png,-0.020260010507513027,-0.4157516800074701,6.750182864240772,0.3083993528902689,-0.5928162177173951,-0.30839494261971495,0.6770164920551701
img350_RT002.png,-0.026020841355141933,-0.415838356230231,6.759034996321113,0.30878242717486654,-0.5939485925924403,-0.30801998657903223,0.6760193561528476
img351_RT002.png,-0.03180984994017555,-0.41592292011465304,6.767868747265208,0.3091647097750384,-0.59507944464815,-0.3076442408087384,0.6750204870107134
img352_RT002.png,-0.0376269768673132,-0.4160053619351727,6.776684027456456,0.30954619971065356,-0.5962087709851432,-0.30726770627220407,0.6740198871897592
img353_RT002.png,-0.04347216245288177,-0.4160856719879913,6.785480747467695,0.30992689600361367,-0.5973365687079506,-0.3068903839348229,0.6730175592554134
img354_RT002.png,-0.04934534672544899,-0.41616384059117006,6.794258818062099,0.3103067976778545,-0.5984628349250216,-0.3065122747640083,0.672013505777536
img355_RT002.png,-0.055246469426446065,-0.4162398580847353,6.803018150194113,0.31068590375935023,-0.5995875667487331,-0.30613337972919047,0.6710077293304098
img356_RT002.png,-0.061175470010773836,-0.41631371483077206,6.81175865501034,0.31106421327611383,-0.600710761295395,-0.3057536998018153,0.6700002324927363
img357_RT002.png,-0.06713228764743295,-0.4163854012135255,6.820480243850484,0.3114417252582011,-0.6018324156852594,-0.3053732359553405,0.6689910178476273
img358_RT002.png,-0.0731168612201456,-0.41645490763949855,6.829182828248236,0.3118184387377127,-0.6029525270425271,-0.3049919891652339,0.6679800879825984
img359_RT002.png,-0.07912912932798166,-0.4165222245375526,6.837866319932184,0.31219435274879626,-0.6040710924953545,-0.3046099604089704,0.666967445489564
img360_RT002.png,-0.085169030285984,-0.41658734235900097,6.8465306308267255,0.3125694663276493,-0.6051881091758623,-0.30422715066603045,0.6659530929648286
img361_RT002.png,-0.09123650212580836,-0.41665025157771174,6.855175673052969,0.31294377851252153,-0.6063035742201411,-0.303843560917896,0.6649370330090816
img362_RT002.png,-0.09733148259635627,-0.41671094269020603,6.863801358929637,0.31331728834371764,-0.607417484768261,-0.3034591921480496,0.6639192682273893
img363_RT002.png,-0.10345390916441399,-0.416769406215745,6.872407600973955,0.313689994863599,-0.608529837964277,-0.30307404534197063,0.6628998012291896
img364_RT002.png,-0.10960371901528676,-0.416825632696443,6.880994311902555,0.3140618971165868,-0.6096406309562362,-0.3026881214871334,0.6618786346282854
img365_RT002.png,-0.11578084905345598,-0.4168796126973535,6.889561404632385,0.3144329941491642,-0.6107498608961874,-0.30230142157300477,0.660855771042835
img366_RT002.png,-0.12198523590321653,-0.41693133680656747,6.8981087922815725,0.314803285009879,-0.6118575249401857,-0.3019139465910408,0.6598312130953498
img367_RT002.png,-0.12821681590932865,-0.416980795635312,6.90663638817034,0.315172768749346,-0.6129636202483021,-0.30152569753468517,0.6588049634126842
img368_RT002.png,-0.13447552513766947,-0.41702797981804984,6.9151441058218825,0.31554144442024895,-0.6140681439846281,-0.301136675399366,0.6577770246260307
img369_RT002.png,-0.1407612993758982,-0.41707288001256515,6.923631858963263,0.3159093110773441,-0.6151710933172861,-0.300746881182494,0.6567473993709115
img370_RT002.png,-0.14707407413410323,-0.4171154869000686,6.932099561526281,0.3162763677774612,-0.6162724654184344,-0.30035631588345824,0.6557160902871738
img371_RT002.png,-0.1534137846454624,-0.4171557911852921,6.940547127648376,0.3166426135795069,-0.6173722574642747,-0.299964980503626,0.6546831000189816
img372_RT002.png,-0.15978036586692212,-0.41719378359657755,6.948974471673493,0.3170080475444672,-0.618470466635061,-0.2995728760463383,0.6536484312148084
img373_RT002.png,-0.16617375247984745,-0.41722945488598207,6.957381508152965,0.3173726687354091,-0.6195670901151041,-0.29918000351690804,0.652612086527433
img374_RT002.png,-0.17259387889070066,-0.41726279582936066,6.965768151846397,0.31773647621748385,-0.6206621250927821,-0.2987863639226181,0.651574068613929
img375_RT002.png,-0.17904067923171763,-0.4172937972264714,6.974134317722527,0.3180994690579287,-0.621755568760544,-0.29839195827271653,0.6505343801356617
img376_RT002.png,-0.1855140873615686,-0.4173224499010675,6.9824799209601025,0.3184616463260696,-0.6228474183149203,-0.29799678757841697,0.6494930237582787
img377_RT002.png,-0.19201403686605678,-0.4173487447009827,6.990804876948757,0.31882300709332373,-0.6239376709565275,-0.2976008528528936,0.648450002151704
img378_RT002.png,-0.1985404610587791,-0.41737267249824095,6.999109101289873,0.3191835504332014,-0.6250263238900772,-0.2972041551112801,0.6474053179901309
img379_RT002.png,-0.20509329298182788,-0.4173942241891342,7.007392509797446,0.319543275421309,-0.6261133743243819,-0.29680669537066595,0.6463589739520159
img380_RT002.png,-0.21167246540646367,-0.4174133906943238,7.015655018498949,0.3199021811353507,-0.6271988194723629,-0.29640847465009446,0.6453109727200708
img381_RT002.png,-0.21827791083381598,-0.417430162958937,7.0238965436361935,0.3202602666551317,-0.6282826565510577,-0.29600949397056026,0.644261316981256
img382_RT002.png,-0.2249095614955614,-0.41744453195264875,7.032117001666194,0.3206175310625597,-0.6293648827816263,-0.2956097543550062,0.6432100094267744
img383_RT002.png,-0.2315673493546364,-0.41745648866978735,7.040316309262016,0.32097397344164774,-0.6304454953893587,-0.29520925682832105,0.6421570527520638
img384_RT002.png,-0.23825120610592387,-0.4174660241294159,7.048494383313633,0.3213295928785167,-0.6315244916036824,-0.2948080024173367,0.6411024496567899
img385_RT002.png,-0.2449610631769512,-0.4174731293754288,7.056651140928782,0.32168438846139685,-0.6326018686581687,-0.29440599215082547,0.6400462028448402
img386_RT002.png,-0.25169685172859957,-0.4174777954766471,7.064786499433813,0.32203835928063124,-0.6336776237905404,-0.29400322705949816,0.638988315024316
img387_RT002.png,-0.2584585026558144,-0.41748001352690434,7.072900376374536,0.3223915044286773,-0.634751754242679,-0.2935997081760001,0.6379287889075262
img388_RT002.png,-0.2652459465882995,-0.4174797746451393,7.080992689517064,0.32274382300010956,-0.6358242572606314,-0.29319543653491,0.6368676272109801
img389_RT002.png,-0.27205911389124227,-0.4174770699754897,7.08906335684866,-0.32309531409162134,0.6368951300946164,0.29279041317273574,-0.6358048326553808
img390_RT002.png,-0.278897934666023,-0.41747189068738066,7.097112296578578,-0.32344597680202825,0.6379643699990338,0.29238463912791335,-0.6347404079656166
img391_RT002.png,-0.28576233875092694,-0.41746422797561467,7.105139427138898,-0.32379581023226933,0.6390319742324688,0.29197811544080315,-0.6336743558707568
img392_RT002.png,-0.2926522557218716,-0.4174540730604681,7.113144667185366,-0.3241448134854096,0.6400979400577006,0.2915708431536874,-0.6326066791040426
img393_RT002.png,-0.2995676148931272,-0.4174414171877685,7.121127935598235,-0.3244929856666429,0.6411622647417096,0.29116282331076776,-0.6315373804028802
img394_RT002.png,-0.30650834531803417,-0.4174262516289975,7.129089151483072,-0.3248403258832941,0.6422249455556833,0.2907540569581627,-0.6304664625088351
img395_RT002.png,-0.3134743757897427,-0.417408567681373,7.137028234171625,-0.3251868332448204,0.643285979775024,0.2903445451439043,-0.6293939281676239
img396_RT002.png,-0.3204656348419346,-0.41738835666794216,7.1449451032226134,-0.32553250686281515,0.6443453646793562,0.2899342889179363,-0.628319780129107
img397_RT002.png,-0.3274820507495586,-0.4173656099376659,7.152839678422582,-0.32587734585100847,0.6454030975525323,0.2895232893321107,-0.6272440211472832
img398_RT002.png,-0.3345235515295619,-0.41734031886551426,7.160711879786705,-0.3262213493252713,0.6464591756826409,0.2891115474401858,-0.6261666539802809
img399_RT002.png,-0.341590064941641,-0.41731247485254563,7.168561627559612,-0.32656451640361595,0.6475135963620129,0.28869906429782277,-0.625087681390352
img400_RT002.png,-0.3486815184889678,-0.41728206932600465,7.1763888422162125,-0.32690684620619975,0.6485663568872291,0.2882858409625831,-0.6240071061438641
img401_RT002.png,-0.3557978394189396,-0.4172490937394038,7.184193444462499,-0.3272483378553265,0.6496174545591261,0.28787187849392654,-0.6229249310112945
img402_RT002.png,-0.36293895472392723,-0.417213539572614,7.191975355236373,-0.32758899047544854,0.6506668866828044,0.28745717795320763,-0.6218411587672218
img403_RT002.png,-0.3701047911420181,-0.4171753983319495,7.199734495708447,-0.3279288031931701,0.6517146505676347,0.28704174040367325,-0.6207557921903197
img404_RT002.png,-0.3772952751577736,-0.41713466155025625,7.207470787282849,-0.32826777513724825,0.6527607435272645,0.2866255669104599,-0.6196688340633498
img405_RT002.png,-0.38451033300297865,-0.4170913207870015,7.21518415159805,-0.32860590543859625,0.6538051628796261,0.286208658540591,-0.6185802871731538
img406_RT002.png,-0.3917498906574042,-0.4170453676283561,7.222874510527641,-0.32894319323028454,0.6548479059469421,0.285791016362974,-0.6174901543106471
img407_RT002.png,-0.39901387384955367,-0.4169967936872814,7.230541786181144,-0.3292796376475442,0.6558889700557331,0.285372641448398,-0.6163984382708116
img408_RT002.png,-0.4063022080574399,-0.41694559060361813,7.238185900904826,-0.3296152378277688,0.6569283525368247,0.28495353486953046,-0.6153051418526877
img409_RT002.png,-0.4136148185093398,-0.4168917500441691,7.245806777282469,-0.3299499929105157,0.6579660507253532,0.2845336977009149,-0.6142102678593683
img410_RT002.png,-0.4209516301845668,-0.41683526370278745,7.253404338136188,-0.3302839020375095,0.6590020619607743,0.28411313101896807,-0.6131138190979905
img411_RT002.png,-0.428312567814233,-0.4167761233004583,7.2609785065272,-0.3306169643526437,0.660036383586868,0.28369183590197694,-0.6120157983797292
img412_RT002.png,-0.4356975558820242,-0.41671432058538693,7.268529205756636,-0.33094917900198306,0.6610690129517464,0.2832698134300962,-0.61091620851979
img413_RT002.png,-0.44310651862498496,-0.41664984733308286,7.276056359366308,-0.3312805451337653,0.6620999474078612,0.2828470646853454,-0.6098150523374007
img414_RT002.png,-0.4505393800342765,-0.41658269534643955,7.283559891139506,-0.3316110618984039,0.6631291843120084,0.28242359075160606,-0.6087123326558059
img415_RT002.png,-0.4579960638559686,-0.4165128564558285,7.291039725101773,-0.33194072844849004,0.6641567210253374,0.2819993927146194,-0.6076080523022585
img416_RT002.png,-0.4654764935918232,-0.41644032251917107,7.2984957855216885,-0.3322695439387944,0.6651825549133559,0.28157447166198246,-0.6065022141080123
img417_RT002.png,-0.47298059250006785,-0.41636508542203243,7.305927996911638,-0.3325975075262704,0.6662066833459381,0.28114882868314667,-0.6053948209083161
img418_RT002.png,-0.4805082835961949,-0.4162871370776964,7.313336284028601,-0.3329246183700548,0.6672291036973306,0.28072246486941416,-0.604285875542405
img419_RT002.png,-0.4880594896537427,-0.41620646942725514,7.320720571874903,-0.3332508756314714,0.6682498133461588,0.28029538131393505,-0.6031753808534936
img420_RT002.png,-0.4956341332050913,-0.4161230744396871,7.3280807856990045,-0.33357627847403215,0.6692688096754352,0.27986757911170507,-0.6020633396887696
img421_RT002.png,-0.5032321365422567,-0.4160369441119425,7.335416850996252,-0.33390082606343957,0.6702860900725639,0.2794390593595623,-0.6009497548993846
img422_RT002.png,-0.5108534217176901,-0.41594807046902194,7.342728693509651,-0.33422451756758925,0.6713016519293497,0.27900982315618456,-0.5998346293404484
img423_RT002.png,-0.518497910545066,-0.41585644556405965,7.350016239230629,-0.33454735215657133,0.6723154926420023,0.2785798716020867,-0.5987179658710214
img424_RT002.png,-0.5261655246001027,-0.4157620614784099,7.357279414399784,-0.3348693290026733,0.673327609611145,0.2781492057996174,-0.597599767354107
img425_RT002.png,-0.533856185221349,-0.41566491032172026,7.364518145507647,-0.3351904472803817,0.6743380002418207,0.2777178268529569,-0.5964800366566436
img426_RT002.png,-0.5415698135110021,-0.4155649842320184,7.37173235929545,-0.3355107061663844,0.6753466619434976,0.27728573586811367,-0.5953587766494988
img427_RT002.png,-0.5493063303357104,-0.41546227537578684,7.378921982755845,-0.33583010483957226,0.6763535921300778,0.27685293395292193,-0.5942359902074608
img428_RT002.png,-0.5570656563273935,-0.41535677594805076,7.386086943133681,-0.33614864248104237,0.677358788219902,0.27641942221703825,-0.593111680209231
img429_RT002.png,-0.5648477118840409,-0.4152484781724519,7.393227167926744,-0.33646631827409873,0.6783622476357571,0.27598520177193947,-0.5919858495374181
img430_RT002.png,-0.5726524171705449,-0.41513737430133313,7.400342584886491,-0.3367831314042553,0.679363967804883,0.2755502737309197,-0.5908585010785284
img431_RT002.png,-0.5804796921195114,-0.4150234566158124,7.407433122018802,-0.33709908105923797,0.6803639461589781,0.27511463920908646,-0.5897296377229607
img432_RT002.png,-0.5883294564320782,-0.4149067174258665,7.414498707584707,-0.3374141664289862,0.6813621801342076,0.2746782993233595,-0.5885992623649973
img433_RT002.png,-0.5962016295787458,-0.4147871490704076,7.42153927010113,-0.33772838670565547,0.6823586671712083,0.2742412551924666,-0.5874673779027971
img434_RT002.png,-0.6040961308001989,-0.41466474391736385,7.428554738341627,-0.33804174108361956,0.6833534047150963,0.27380350793694097,-0.5863339872383881
img435_RT002.png,-0.6120128791081352,-0.41453949436375526,7.435545041337101,-0.3383542287594718,0.6843463902154733,0.2733650586791188,-0.5851990932776606
img436_RT002.png,-0.6199517932860932,-0.41441139283577266,7.442510108376549,-0.33866584893202795,0.6853376211264327,0.27292590854313625,-0.5840626989303584
img437_RT002.png,-0.6279127918902909,-0.41428043178885554,7.449449869007762,-0.33897660080232805,0.6863270949065667,0.27248605865492626,-0.582924807110073
img438_RT002.png,-0.6358957932504627,-0.4141466037077701,7.4563642530380765,-0.33928648357363805,0.6873148090189728,0.2720455101422159,-0.5817854207342342
img439_RT002.png,-0.6439007154706822,-0.41400990110668534,7.463253190535074,-0.33959549645145254,0.6883007609312596,0.27160426413452354,-0.5806445427241045
img440_RT002.png,-0.6519274764302216,-0.41387031652924744,7.470116611827298,-0.33990363864349604,0.6892849481155542,0.2711623217631556,-0.5795021760047707
img441_RT002.png,-0.6599759937843768,-0.413727842548663,7.47695444750499,-0.3402109093597257,0.690267368048508,0.2707196841612041,-0.5783583235051363
img442_RT002.png,-0.6680461849653301,-0.41358247176777096,7.483766628420778,-0.34051730781233325,0.6912480182113039,0.27027635246354376,-0.5772129881579139
img443_RT002.png,-0.6761379671829744,-0.4134341968191131,7.490553085690387,-0.34082283321574597,0.6922268960896616,0.26983232780682825,-0.5760661728996184
img444_RT002.png,-0.6842512574257849,-0.41328301036502246,7.497313750693362,-0.34112748478663063,0.6932039991738452,0.26938761132948863,-0.574917880670559
img445_RT002.png,-0.6923859724616532,-0.41312890509768385,7.504048555073758,-0.3414312617438934,0.6941793249586692,0.26894220417172926,-0.5737681144148317
img446_RT002.png,-0.7005420288387505,-0.41297187373922295,7.510757430740849,-0.3417341633086836,0.6951528709435045,0.2684961074755254,-0.5726168770803114
img447_RT002.png,-0.7087193428863836,-0.41281190904176857,7.517440309869817,-0.3420361887043946,0.696124634632286,0.2680493223846203,-0.5714641716186448
img448_RT002.png,-0.7169178307158415,-0.41264900378753655,7.524097124902459,-0.3423373371566663,0.6970946135335172,0.2676018500445222,-0.5703100009852433
img449_RT002.png,-0.7251374082212738,-0.4124831507888991,7.530727808547865,-0.34263760789338704,0.6980628051602784,0.26715369160250135,-0.569154368139274
img450_RT002.png,-0.7333779910805389,-0.41231434288845614,7.537332293783125,-0.3429370001446954,0.699029207030232,0.26670484820758683,-0.5679972760436534
img451_RT002.png,-0.7416394947560718,-0.4121425729591133,7.543910513854003,-0.3432355131429822,0.699993816665629,0.2662553210105644,-0.5668387276650395
img452_RT002.png,-0.7499218344957592,-0.41196783390415614,7.550462402275638,-0.3435331461228928,0.7009566315933158,0.26580511116397265,-0.5656787259738235
img453_RT002.png,-0.7582249253337952,-0.4117901186573176,7.5569878928331935,-0.34382989832132876,0.7019176493447397,0.2653542198221002,-0.5645172739441233
img454_RT002.png,-0.7665486820915652,-0.4116094201828524,7.56348691958258,-0.3441257689774498,0.7028768674559563,0.2649026481409835,-0.5633543745537749
img455_RT002.png,-0.7748930193785135,-0.4114257314756129,7.569959416851093,-0.34442075733267585,0.7038342834676357,0.2644503972784029,-0.5621900307843255
img456_RT002.png,-0.7832578515930142,-0.4112390455611168,7.576405319238116,-0.3447148626306891,0.7047898949250668,0.2639974683938803,-0.5610242456210253
img457_RT002.png,-0.7916430929232607,-0.41104935549561805,7.582824561615764,-0.34500808411743566,0.7057436993781667,0.2635438626486759,-0.5598570220528203
img458_RT002.png,-0.8000486573481367,-0.4108566543661807,7.589217079129577,-0.3453004210411275,0.7066956943814849,0.2630895812057852,-0.558688363072344
img459_RT002.png,-0.8084744586381043,-0.4106609352907489,7.595582807199164,-0.3455918726522449,0.7076458774942104,0.26263462522993625,-0.5575182716759107
img460_RT002.png,-0.8169204103560785,-0.41046219141821894,7.601921681518883,-0.34588243820353726,0.7085942462801769,0.2621789958875866,-0.5563467508635068
img461_RT002.png,-0.8253864258583294,-0.4102604159285086,7.60823363805849,-0.346172116950027,0.7095407983078706,0.2617226943469198,-0.5551738036387839
img462_RT002.png,-0.8338724182953543,-0.4100556020326209,7.614518613063787,-0.34646090814900876,0.7104855311504359,0.26126572177784374,-0.5539994330090505
img463_RT002.png,-0.8423783006127792,-0.40984774297272875,7.620776543057305,-0.3467488110600539,0.7114284423856803,0.26080807935198574,-0.5528236419852646
img464_RT002.png,-0.8509039855522489,-0.4096368320222261,7.627007364838921,-0.3470358249450107,0.7123695295960827,0.2603497682426912,-0.5516464335820261
img465_RT002.png,-0.85944938565232,-0.40942286248581006,7.6332110154865385,-0.3473219490680065,0.7133087903687982,0.25989078962501966,-0.5504678108175688
img466_RT002.png,-0.8680144132493579,-0.4092058276995454,7.63938743235669,-0.34760718269545077,0.7142462222956647,0.2594311446757422,-0.5492877767137528
img467_RT002.png,-0.8765989804784424,-0.40898572103093134,7.645536553085234,-0.3478915250960355,0.7151818229732093,0.2589708345733383,-0.5481063342960565
img468_RT002.png,-0.8852029992742558,-0.40876253587897127,7.65165831558795,-0.3481749755407378,0.7161155900026536,0.25850986049799285,-0.5469234865935694
img469_RT002.png,-0.8938263813720022,-0.4085362656742406,7.65775265806119,-0.3484575333028217,0.7170475209899213,0.2580482236315929,-0.5457392366389838
img470_RT002.png,-0.9024690383082961,-0.4083069038789544,7.663819518982528,-0.3487391976578399,0.7179776135456429,0.2575859251577251,-0.5445535874685872
img471_RT002.png,-0.9111308814220815,-0.4080744439870321,7.669858837111359,-0.3490199678836358,0.7189058652851628,0.25712296626167236,-0.543366542122255
img472_RT002.png,-0.9198118218555393,-0.40783887952416453,7.675870551489556,-0.349299843260345,0.7198322738285449,0.2566593481304103,-0.5421781036434413
img473_RT002.png,-0.9285117705549952,-0.40760020404788744,7.681854601442081,-0.349578823070398,0.7207568368005786,0.25619507195260566,-0.5409882750791728
img474_RT002.png,-0.9372306382718332,-0.4073584111476336,7.687810926577606,-0.3498569065985206,0.7216795518307856,0.2557301389186117,-0.5397970594800402
img475_RT002.png,-0.945968335563411,-0.4071134944448156,7.693739466789145,-0.3501340931317374,0.7226004165534252,0.25526455022046585,-0.53860445990019
img476_RT002.png,-0.9547247727939867,-0.4068654475928746,7.699640162254653,-0.350410381959372,0.7235194286075011,0.2547983070518868,-0.5374104793973173
img477_RT002.png,-0.963499860135618,-0.40661426427735803,7.705512953437655,-0.3506857723730504,0.7244365856367665,0.2543314106082711,-0.536215121032658
img478_RT002.png,-0.9722935075691073,-0.40635993821597616,7.711357781087847,-0.35096026366670147,0.7253518852897309,0.2538638620866902,-0.5350183878709801
img479_RT002.png,-0.9811056248849024,-0.4061024631586738,7.717174586241704,-0.35123385513655936,0.726265325219666,0.2533956626858876,-0.5338202829805768
img480_RT002.png,-0.9899361216840377,-0.4058418328876856,7.722963310223096,-0.35150654608116555,0.7271769030846115,0.2529268136062752,-0.5326208094332585
img481_RT002.png,-0.9987849073790565,-0.40557804121760865,7.7287238946438706,-0.3517783358013703,0.7280866165473815,0.25245731604993105,-0.531419970304344
img482_RT002.png,-1.0076518911949388,-0.4053110819954604,7.734456281404465,-0.3520492236003343,0.72899446327557,0.2519871712205955,-0.5302177686726538
img483_RT002.png,-1.0165369821700265,-0.4050409491007452,7.740160412694507,-0.3523192087835311,0.7299004409415567,0.25151638032366874,-0.5290142076205019
img484_RT002.png,-1.0254400891569717,-0.40476763644551017,7.745836230993388,-0.3525882906587478,0.7308045472225142,0.25104494456620696,-0.5278092902336871
img485_RT002.png,-1.0343611208236565,-0.4044911379744178,7.751483679070877,-0.35285646853608804,0.7317067798004125,0.2505728651569202,-0.5266030196014861
img486_RT002.png,-1.0432999856541363,-0.4042114476648022,7.757102699987684,-0.35312374172797306,0.7326071363620259,0.2501001433061683,-0.5253953988166453
img487_RT002.png,-1.0522565919495834,-0.40392855952672857,7.762693237096064,-0.3533901095491436,0.7335056145989387,0.2496267802259586,-0.524186430975372
img488_RT002.png,-1.0612308478292096,-0.4036424676030608,7.768255234040383,-0.3536555713166615,0.7344022122075504,0.24915277712994233,-0.5229761191773282
img489_RT002.png,-1.0702226612312304,-0.403353165969516,7.773788634757705,-0.3539201263499119,0.7352969268890829,0.24867813523341165,-0.5217644665256213
img490_RT002.png,-1.0792319399137962,-0.40306064873473213,7.779293383478368,-0.3541837739706045,0.7361897563495854,0.24820285575329665,-0.5205514761267959
img491_RT002.png,-1.0882585914559408,-0.40276491004032433,7.78476942472655,-0.35444651350277545,0.7370806982999406,0.24772693990816191,-0.5193371510908271
img492_RT002.png,-1.0973025232585303,-0.4024659440609426,7.79021670332083,-0.35470834427278986,0.7379697504558708,0.24725038891820358,-0.5181214945311119
img493_RT002.png,-1.10636364254521,-0.40216374500433894,7.795635164374783,-0.3549692656093415,0.7388569105379431,0.24677320400524663,-0.5169045095644609
img494_RT002.png,-1.1154418563633595,-0.40185830711141834,7.801024753297504,-0.355229276843457,0.739742176271576,0.24629538639274082,-0.5156861993110904
img495_RT002.png,-1.124537071585046,-0.4015496246563055,7.806385415794207,-0.3554883773084959,0.7406255453870448,0.24581693730575857,-0.5144665668946152
img496_RT002.png,-1.133649194907976,-0.4012376919463949,7.811717097866745,-0.35574656634015256,0.741507015619488,0.24533785797099084,-0.5132456154420394
img497_RT002.png,-1.1427781328564546,-0.40092250332242196,7.817019745814193,-0.3560038432764591,0.7423865847089113,0.24485814961674504,-0.5120233480837494
img498_RT002.png,-1.151923791782342,-0.4006040531585042,7.822293306233384,-0.356260207457785,0.7432642504001963,0.2443778134729407,-0.5107997679535052
img499_RT002.png,-1.161086077866019,-0.4002823358622152,7.827537726019461,-0.3565156582268409,0.744140010443104,0.24389685077110754,-0.5095748781884326
img500_RT002.png,-1.1702648971173408,-0.3999573458746304,7.832752952366413,-0.35677019492867834,0.7450138625922808,0.24341526274438105,-0.5083486819290151
img501_RT002.png,-1.1794601553766113,-0.3996290776703919,7.837938932767633,-0.3570238169106938,0.7458858046072654,0.24293305062750056,-0.5071211823190862
img502_RT002.png,-1.1886717583155377,-0.39929752575776156,7.843095615016444,-0.3572765235226277,0.746755834252494,0.24245021565680536,-0.5058923825058207
img503_RT002.png,-1.1978996114382081,-0.39896268467867024,7.84822294720664,-0.3575283141165677,0.7476239492973052,0.24196675907023144,-0.5046622856397273
img504_RT002.png,-1.2071436200820511,-0.3986245490087912,7.853320877733012,-0.35777918804695086,0.748490147515947,0.24148268210730883,-0.5034308948746399
img505_RT002.png,-1.2164036894188188,-0.39828311335758215,7.858389355291885,-0.3580291446705633,0.7493544266875818,0.24099798600915784,-0.5021982133677101
img506_RT002.png,-1.225679724455544,-0.3979383723683405,7.8634283288816365,-0.3582781833465438,0.750216784596292,0.24051267201848656,-0.5009642442793986
img507_RT002.png,-1.2349716300355265,-0.3975903207182663,7.868437747803227,-0.3585263034363843,0.7510772190310863,0.24002674137958674,-0.4997289907734673
img508_RT002.png,-1.2442793108393038,-0.3972389531185061,7.873417561660716,-0.35877350430393184,0.7519357277859046,0.23954019533833176,-0.49849245601697156
img509_RT002.png,-1.25360267138563,-0.39688426431422297,7.8783677203617835,-0.3590197853153906,0.7527923086596243,0.23905303514217252,-0.49725464318025125
img510_RT002.png,-1.262941616032455,-0.39652624908463086,7.883288174118231,-0.35926514583932284,0.7536469594560654,0.2385652620401343,-0.4960155554369235
img511_RT002.png,-1.2722960489779052,-0.39616490224306444,7.888178873446507,-0.359509585246651,0.754499677983997,0.2380768772828144,-0.49477519596387376
img512_RT002.png,-1.281665874261265,-0.3958002186370244,7.893039769168206,-0.3597531029106591,0.7553504620571414,0.23758788212237797,-0.4935335679412484
img513_RT002.png,-1.2910509957639618,-0.39543219314822986,7.897870812410574,-0.35999569820699445,0.7561993094941812,0.23709827781255496,-0.4922906745524461
img514_RT002.png,-1.3004513172105536,-0.395060820692676,7.9026719546070145,-0.36023737051366933,0.7570462181187647,0.23660806560863762,-0.4910465189841097
img515_RT002.png,-1.3098667421697106,-0.39468609622067863,7.907443147497583,-0.3604781192110621,0.7578911857595103,0.23611724676747645,-0.48980110442611857
img516_RT002.png,-1.3192971740552133,-0.39430801471693666,7.912184343129471,-0.3607179436819195,0.7587342102500132,0.2356258225474772,-0.4885544340715791
img517_RT002.png,-1.3287425161269337,-0.39392657120056906,7.916895493857526,-0.3609568433113578,0.7595752894288511,0.235133794208598,-0.48730651111681833
img518_RT002.png,-1.3382026714918327,-0.393541760725185,7.92157655234471,-0.36119481748686455,0.760414421139588,0.23464116301234597,-0.4860573387613744
img519_RT002.png,-1.3476775431049557,-0.3931535783789104,7.9262274715625995,-0.36143186559829965,0.7612516032307827,0.23414793022177338,-0.4848069202079887
img520_RT002.png,-1.3571670337704154,-0.39276201928446275,7.930848204791871,-0.36166798703789793,0.7620868335559913,0.23365409710147556,-0.48355525866259796
img521_RT002.png,-1.3666710461424119,-0.3923670785991846,7.935438705622772,-0.3619031812002696,0.7629201099737744,0.23315966491758652,-0.4823023573343257
img522_RT002.png,-1.3761894827262058,-0.39196875151510024,7.939998927955595,-0.36213744748240256,0.7637514303477023,0.2326646349377763,-0.48104821943547393
img523_RT002.png,-1.3857222458791336,-0.3915670332589629,7.94452882600117,-0.3623707852836639,0.7645807925463607,0.232169008431248,-0.47979284818151574
img524_RT002.png,-1.3952692378116067,-0.391161919092303,7.949028354281303,-0.36260319400580043,0.765408194443355,0.2316727866687337,-0.47853624679108536
img525_RT002.png,-1.4048303605881076,-0.39075340431148,7.9534974676292665,-0.362834673052942,0.7662336339173171,0.23117597092249179,-0.477278418485972
img526_RT002.png,-1.4144055161282034,-0.3903414842477271,7.957936121190254,-0.3630652218316016,0.7670571088519107,0.23067856246630358,-0.47601936649110993
img527_RT002.png,-1.4239946062075464,-0.3899261542672017,7.962344270421847,-0.36329483975067717,0.7678786171358357,0.2301805625754701,-0.4747590940345709
img528_RT002.png,-1.4335975324588786,-0.3895074097710305,7.966721871094451,-0.3635235262214533,0.7686981566628347,0.22968197252680878,-0.473497604347556
img529_RT002.png,-1.4432141963730518,-0.3890852461953598,7.971068879291781,-0.36375128065760326,0.7695157253316977,0.22918279359864985,-0.47223490066438684
img530_RT002.png,-1.4528444993000256,-0.38865965901139843,7.975385251411284,-0.3639781024751893,0.770331321046268,0.2286830270708337,-0.47097098622249806
img531_RT002.png,-1.462488342449882,-0.38823064372546634,7.979670944164598,-0.36420399109266494,0.7711449417154472,0.2281826742247071,-0.46970586426242805
img532_RT002.png,-1.472145626893846,-0.38779819587904196,7.983925914578004,-0.3644289459308766,0.771956585253201,0.22768173634312014,-0.4684395380278115
img533_RT002.png,-1.4818162535652886,-0.38736231104880714,7.9881501199928415,-0.3646529664130649,0.7727662495785635,0.22718021471042285,-0.46717201076537085
img534_RT002.png,-1.4915001232607565,-0.3869229848466893,7.9923435180659785,-0.36487605196486517,0.7735739326156442,0.22667811061246185,-0.4659032857249068
img535_RT002.png,-1.5011971366409724,-0.38648021291990897,7.996506066770223,-0.3650982020143107,0.7743796322936319,0.22617542533657736,-0.4646333661592926
img536_RT002.png,-1.5109071942318715,-0.3860339909510295,8.000637724394752,-0.36531941599183315,0.7751833465468005,0.22567216017159952,-0.46336225532446307
img537_RT002.png,-1.520630196425608,-0.3855843146579896,8.004738449545565,-0.36553969333026387,0.7759850733145145,0.2251683164078451,-0.4620899564794075
img538_RT002.png,-1.5303660434815838,-0.38513117979416034,8.008808201145875,-0.365759033464836,0.7767848105412338,0.22466389533711464,-0.46081647288616145
img539_RT002.png,-1.540114635527472,-0.38467458214837613,8.012846938436557,-0.3659774358331853,0.7775825561765198,0.22415889825268864,-0.4595418078097976
img540_RT002.png,-1.5498758725602353,-0.38421451754498914,8.016854620976547,-0.3661948998753518,0.7783783081750396,0.22365332644932445,-0.4582659645184179
img541_RT002.png,-1.559649654447155,-0.3837509818439049,8.020831208643273,-0.36641142503378177,0.7791720644965723,0.22314718122325297,-0.45698894628314546
img542_RT002.png,-1.5694358809268618,-0.3832839709406266,8.024776661633052,-0.36662701075332793,0.7799638231060128,0.2226404638721755,-0.4557107563781156
img543_RT002.png,-1.5792344516103547,-0.38281348076629795,8.028690940461505,-0.3668416564812523,0.7807535819733787,0.22213317569525964,-0.45443139808046734
img544_RT002.png,-1.5890452659820395,-0.382339507287746,8.032574005963964,-0.3670553616672267,0.7815413390738148,0.22162531799313717,-0.45315087467033616
img545_RT002.png,-1.5988682234007552,-0.38186204650751954,8.036425819295872,-0.3672681257633341,0.7823270923875976,0.2211168920678996,-0.45186918943084403
img546_RT002.png,-1.608703223100809,-0.38138109446393154,8.040246341933173,-0.367479948224071,0.7831108399001414,0.22060789922309562,-0.4505863456480918
img547_RT002.png,-1.6185501641930076,-0.3808966472311006,8.044035535672727,-0.3676908285063472,0.7838925796020034,0.22009834076372725,-0.4493023466111509
img548_RT002.png,-1.628408945665684,-0.38040870091898915,8.047793362632671,-0.36790076606948924,0.7846723094888882,0.2195882179962467,-0.4480171956120549
img549_RT002.png,-1.6382794663857565,-0.3799172516734455,8.051519785252847,-0.36810976037523996,0.7854500275616536,0.21907753222855303,-0.4467308959457903
img550_RT002.png,-1.6481616250997337,-0.3794222956762425,8.055214766295148,-0.36831781088776067,0.7862257318263149,0.21856628476998896,-0.44544345091028936
img551_RT002.png,-1.658055320434786,-0.3789238291451178,8.058878268843932,-0.3685249170736324,0.7869994202940519,0.2180544769313369,-0.44415486380642016
img552_RT002.png,-1.6679604508997614,-0.3784218483338102,8.062510256306375,-0.3687310784018579,0.7877710909812113,0.2175421100248164,-0.4428651379379795
img553_RT002.png,-1.6778769148862323,-0.3779163495320996,8.066110692412865,-0.3689362943438618,0.7885407419093139,0.21702918536408025,-0.4415742766116837
img554_RT002.png,-1.6878046106695443,-0.37740732906584284,8.069679541217367,-0.36914056437349296,0.7893083711050587,0.2165157042642113,-0.4402822831371602
img555_RT002.png,-1.6977434364098505,-0.3768947832970171,8.073216767097783,-0.3693438879670254,0.7900739766003282,0.21600166804171897,-0.43898916082693945
img556_RT002.png,-1.7076932901531652,-0.37637870862375244,8.076722334756337,-0.3695462646031592,0.7908375564321937,0.21548707801453607,-0.4376949129964454
img557_RT002.png,-1.7176540698324017,-0.3758591014803665,8.080196209219917,-0.3697476937630231,0.7915991086429197,0.21497193550201507,-0.43639954296398853
img558_RT002.png,-1.7276256732684176,-0.3753359583374092,8.083638355840446,-0.36994817493017473,0.7923586312799696,0.21445624182492531,-0.435103054050756
img559_RT002.png,-1.7376079981710735,-0.37480927570169165,8.087048740295234,-0.37014770759060234,0.7931161223960103,0.21393999830544902,-0.4338054495808039
img560_RT002.png,-1.7476009421402745,-0.37427905011632356,8.090427328587328,-0.37034629123272556,0.7938715800489172,0.21342320626717812,-0.4325067328810481
img561_RT002.png,-1.7576044026670168,-0.3737452781607522,8.093774087045865,-0.3705439253473982,0.7946250023017795,0.21290586703511108,-0.43120690728125677
img562_RT002.png,-1.7676182771344449,-0.3732079564507931,8.097088982326412,-0.37074060942790765,0.7953763872229045,0.21238798193564917,-0.4299059761140407
img563_RT002.png,-1.7776424628189076,-0.3726670816386659,8.10037198141131,-0.3709363429699774,0.7961257328858238,0.21186955229659316,-0.4286039427148453
img564_RT002.png,-1.7876768568910004,-0.3721226504130297,8.10362305161002,-0.371131125471768,0.7968730373692966,0.21135057944714003,-0.42730081042194196
img565_RT002.png,-1.7977213564166297,-0.37157465949901747,8.10684216055944,-0.3713249564338785,0.7976182987573159,0.21083106471787963,-0.4259965825764198
img566_RT002.png,-1.8077758583580619,-0.37102310565826935,8.110029276224259,-0.37151783535934735,0.798361515139113,0.210311009440791,-0.4246912625221765
img567_RT002.png,-1.8178402595749843,-0.370467985688963,8.113184366897269,-0.3717097617536541,0.799102684609162,0.20979041494923895,-0.4233848536059102
img568_RT002.png,-1.827914456825562,-0.3699092964258499,8.116307401199698,-0.3719007351247205,0.7998418052671854,0.209269282577971,-0.42207735917711053
img569_RT002.png,-1.8379983467674976,-0.3693470347402896,8.11939834808153,-0.3720907549829118,0.8005788752181586,0.20874761366311362,-0.4207687825880505
img570_RT002.png,-1.8480918259590888,-0.36878119754027194,8.122457176821822,-0.3722798208410375,0.8013138925723149,0.20822540954216898,-0.41945912719377765
img571_RT002.png,-1.8581947908602863,-0.36821178177046043,8.125483857029026,-0.3724679322143534,0.8020468554451496,0.20770267155401131,-0.4181483963521056
img572_RT002.png,-1.8683071378337686,-0.36763878441221864,8.128478358641283,-0.3726550886205628,0.8027777619574265,0.2071794010388838,-0.4168365934236046
img573_RT002.png,-1.8784287631459828,-0.3670622024836421,8.131440651926756,-0.3728412895798169,0.8035066102351806,0.20665559933839497,-0.4155237217715945
img574_RT002.png,-1.8885595629682375,-0.36648203303958526,8.134370707483917,-0.37302653461471696,0.8042333984097246,0.2061312677955151,-0.4142097847621347
img575_RT002.png,-1.8986994333777356,-0.36589827317169377,8.137268496241855,-0.3732108232503145,0.8049581246176535,0.2056064077545731,-0.41289478576401656
img576_RT002.png,-1.9088482703586682,-0.3653109200084401,8.140133989460569,-0.37339415501411405,0.8056807870008477,0.20508102056125269,-0.41157872814875346
img577_RT002.png,-1.9190059698032642,-0.3647199707151447,8.14296715873127,-0.3735765294360727,0.8064013837064803,0.2045551075625893,-0.41026161529057364
img578_RT002.png,-1.9291724275128614,-0.36412542249400914,8.145767975976677,-0.3737579460486025,0.8071199128870198,0.20402867010696657,-0.40894345056641046
img579_RT002.png,-1.939347539198979,-0.3635272725841432,8.148536413451275,-0.3739384043865713,0.8078363727002357,0.20350170954411242,-0.4076242373558948
img580_RT002.png,-1.9495312004843874,-0.3629255182615938,8.151272443741648,-0.37411790398730305,0.8085507613092036,0.2029742272250963,-0.40630397904134463
img581_RT002.png,-1.9597233069041673,-0.362320156839373,8.153976039766714,-0.37429644439058063,0.809263076882309,0.20244622450232536,-0.4049826790077586
img582_RT002.png,-1.9699237539068017,-0.3617111856674877,8.156647174778035,-0.3744740251386461,0.8099733175932523,0.20191770272954082,-0.40366034064280554
img583_RT002.png,-1.9801324368552273,-0.36109860213296363,8.15928582236007,-0.3746506457762015,0.8106814816210544,0.20138866326181487,-0.4023369673368167
img584_RT002.png,-1.9903492510279204,-0.3604824036598733,8.161891956430456,-0.37482630585041143,0.8113875671500594,0.2008591074555468,-0.4010125624827765
img585_RT002.png,-2.0005740916199684,-0.35986258770936086,8.164465551240284,-0.37500100491090177,0.8120915723699417,0.20032903666845994,-0.3996871294763147
img586_RT002.png,-2.0108068537441373,-0.3592391517796716,8.167006581374336,-0.37517474250976374,0.8127934954757087,0.19979845225959805,-0.3983606717156965
img587_RT002.png,-2.0210474324319585,-0.3586120934061765,8.169515021751382,-0.3753475182015532,0.8134933346677057,0.19926735558932143,-0.3970331926018151
img588_RT002.png,-2.0312957226347996,-0.35798141016139473,8.171990847624402,-0.37551933154329176,0.8141910881516218,0.198735748019304,-0.39570469553818166
img589_RT002.png,-2.041551619224943,-0.35734709965502054,8.174434034580866,-0.3756901820944691,0.8148867541384934,0.19820363091252965,-0.39437518393091775
img590_RT002.png,-2.0518150169966614,-0.3567091595339491,8.176844558542966,-0.37586006941704275,0.8155803308447086,0.19767100563328832,-0.3930446611887458
img591_RT002.png,-2.0620858106672957,-0.35606758748229916,8.179222395767882,-0.3760289930754406,0.8162718164920124,0.1971378735471732,-0.39171313072298114
img592_RT002.png,-2.072363894878349,-0.35542238122143566,8.181567522848004,-0.3761969526365604,0.8169612093075116,0.1966042360210767,-0.3903805959475221
img593_RT002.png,-2.0826491641965386,-0.35477353850999505,8.183879916711188,-0.3763639476697722,0.8176485075236779,0.1960700944231872,-0.3890470602788427
img594_RT002.png,-2.092941513114912,-0.35412105714390885,8.186159554620989,-0.37652997774691943,0.8183337093783536,0.19553545012298545,-0.38771252713598264
img595_RT002.png,-2.1032408360539003,-0.35346493495642184,8.188406414176887,-0.37669504244231866,0.8190168131147564,0.195000304491241,-0.3863769999405392
img596_RT002.png,-2.113547027362417,-0.3528051698181218,8.190620473314528,-0.3768591413327621,0.8196978169814825,0.19446465890000877,-0.38504048211665803
img597_RT002.png,-2.123859981318935,-0.3521417596369538,8.192801710305945,-0.3770222739975185,0.8203767192325127,0.19392851472262568,-0.3837029770910253
img598_RT002.png,-2.13417959213257,-0.3514747023582454,8.19495010375977,-0.3771844400183327,0.8210535181272154,0.1933918733337069,-0.38236448829285763
